delay(ms),delay_gradient(ms),loss_packet_count(count),packet_loss_type
0.857574,-0.00124921,1,0
0.564392,0.00109033,6,0
0.967407,0.00142547,5,0
1.68164,-0.000687231,6,0
0.747986,-0.000744263,6,0
1.07605,-5.72925e-05,9,0
0.894379,-0.000261318,8,0
0.791199,1.15344e-05,4,0
1.35693,0.00013909,2,0
0.791077,0.000678195,8,0
1.40619,0.000306479,9,0
1.25275,0.000672842,10,0
0.776367,0.000218248,3,0
0.952728,-0.000222078,8,0
0.992645,0.000257846,4,0
1.078,-0.000154038,3,0
0.627655,0.000143835,3,0
1.01599,-0.0018126,4,0
1.11987,7.69618e-05,6,0
0.17691,-0.00013561,8,0
1.35062,-0.00072204,3,0
1.37225,0.000973965,10,0
0.665771,0.00137186,2,0
0.397797,0.00117779,3,0
0.386292,-0.00108063,3,0
0.779541,-0.000420985,8,0
1.32651,-6.20693e-05,9,0
0.368286,0.00101303,5,0
1.01511,0.00103126,4,0
1.15775,-0.000656816,5,0
0.587585,-0.000657577,3,0
1.22559,0.00015022,5,0
0.704987,-0.000125851,6,0
1.35443,1.28771e-05,4,0
0.898132,0.000281189,4,0
0.288666,0.000786046,1,0
0.624329,-0.000156498,7,0
1.0466,0.00108474,5,0
0.817261,-0.00109643,9,0
0.72113,6.7158e-05,4,0
1.35361,-0.00105814,4,0
0.812256,-0.000635146,11,0
1.03006,0.000398551,9,0
1.36536,0.000888208,3,0
1.07196,-0.000125831,5,0
0.621613,0.00100044,5,0
0.541626,-0.00175477,4,0
0.73877,0.000199167,6,0
1.09009,0.000873088,4,0
0.525299,-2.44333e-05,12,0
0.983459,-0.000437183,8,0
0.977264,-0.000134801,8,0
0.773254,0.000556697,6,0
1.43774,0.000591173,3,0
1.37869,-0.000132765,4,0
1.28641,-0.0011539,3,0
1.47311,-0.000467154,8,0
0.633667,-8.52719e-05,9,0
1.14905,0.000115877,5,0
0.91925,-0.00103757,6,0
1.17252,0.000682944,6,0
1.30093,-0.00100856,6,0
0.823883,0.000562602,5,0
0.934845,0.000646798,2,0
1.28833,0.000295074,5,0
0.854858,0.000125772,1,0
1.28952,0.000221271,11,0
0.503479,-0.000135652,9,0
0.857483,-5.79294e-05,7,0
0.998413,0.000226867,2,0
1.07779,-0.000449154,4,0
1.02405,0.000577175,7,0
0.694794,-0.00096033,5,0
0.656982,0.00131467,8,0
0.490631,-0.00179129,4,0
1.073,0.00188758,12,0
1.05963,0.000692582,3,0
0.358551,0.00011461,7,0
0.923462,0.00081016,8,0
1.22299,-0.000967481,6,0
1.35849,-0.00066487,8,0
0.783356,6.96823e-05,7,0
0.66272,-0.000600223,6,0
0.780762,-0.000867522,3,0
0.854126,0.000906803,5,0
1.22504,-0.000436893,13,0
0.848816,0.000575358,7,0
5.32217,0.0010356,6,0
0.765594,-0.000983851,10,0
1.48962,0.000934265,7,0
1.1145,-2.59129e-05,3,0
0.866333,-0.000780644,6,0
1.33151,0.000695442,6,0
1.06973,0.000101426,14,0
0.799805,7.40846e-06,9,0
1.52277,0.000437884,6,0
1.0986,-0.000213002,6,0
0.433228,-0.000283284,2,0
1.11966,0.000381239,5,0
0.765228,-6.68546e-05,5,0
1.33621,0.000841115,12,0
0.99054,0.000294204,15,0
0.890076,0.000289871,5,0
1.03687,-0.000118137,1,0
1.22913,-0.000563701,8,0
0.889954,0.00116948,3,0
0.962219,-5.06669e-05,8,0
1.03891,0.000707036,9,0
1.00439,-0.00104372,11,0
0.652069,-0.000575794,4,0
0.387573,-0.00112693,9,0
0.287109,0.000292564,6,0
1.06247,5.94641e-05,4,0
0.610321,0.000331798,5,0
0.899048,0.000510683,6,0
1.4024,-6.63702e-05,7,0
1.23001,-0.000413026,7,0
0.866333,8.82392e-06,8,0
1.1481,0.000724845,2,0
0.927277,-0.0027251,9,0
1.35376,0.000938877,6,0
1.18515,0.000205374,14,0
1.14462,-0.00125529,8,0
0.69101,0.000230592,8,0
0.923035,0.000543166,8,0
0.677948,0.000154176,8,0
1.17044,0.000191705,6,0
1.61221,0.000949253,8,0
0.474213,-0.00117969,12,0
0.3078,-0.000400262,5,0
1.19473,-0.000909102,2,0
0.569489,0.00109999,3,0
0.865784,-0.000273542,6,0
1.3136,-8.58204e-05,3,0
0.95813,0.000375031,4,0
1.12521,5.38601e-05,6,0
1.02838,0.000137857,1,0
0.709961,-0.000839762,8,0
1.4324,0.00244533,6,0
0.377686,0.00423636,5,0
1.20862,0.00285592,6,0
0.963318,0.00186152,3,0
0.697906,0.000530715,2,0
2.12509,-0.000338643,2,0
1.42285,-0.000614408,4,0
0.16037,-0.00072429,9,0
0.998444,-0.00130818,6,0
0.853363,0.000276294,6,0
0.31543,0.000334127,6,0
0.100586,-0.00139179,8,0
0.478577,-0.000406327,5,0
1.33463,0.000635725,7,0
1.52631,-0.000223058,6,0
1.52631,-0.000240661,1,0
1.55988,0.000443619,4,0
0.507935,4.53851e-05,5,0
1.45053,-0.00155097,5,0
0.497437,-0.000197764,8,0
0.917969,-0.000323424,10,0
1.22894,0.000509598,4,0
0.671875,-0.000610867,1,0
1.2352,0.000985716,9,0
1.34998,0.0020545,6,0
3.00153,0.00206216,5,0
0.489075,0.0019875,2,0
1.36353,0.000705249,7,0
2.18393,-0.000376469,4,0
1.24921,-0.000554536,7,0
0.673553,-0.00204112,10,0
0.806427,-3.67833e-05,9,0
0.994537,0.000592716,6,0
1.10455,0.000381655,4,0
0.823303,-3.10179e-05,10,0
0.804718,-0.00141534,3,0
0.571838,0.000814057,9,0
1.30475,0.00125918,2,0
0.892944,0.000319323,3,0
0.750641,-0.000220795,4,0
0.517181,-0.000558626,6,0
0.142578,-0.000282332,6,0
0.945709,0.000267493,7,0
0.174133,0.00117219,5,0
0.664978,8.92333e-05,3,0
0.556915,-0.000590819,9,0
0.0379333,0.000362309,2,0
0.998322,0.000373889,10,0
1.22934,-0.00130225,6,0
0.592651,-0.000370053,6,0
0.485657,0.000287222,9,0
0.981354,-0.000446369,8,0
1.33701,-0.000490974,1,0
0.731354,0.000543223,5,0
0.819519,0.000380876,7,0
0.326385,-0.000375343,2,0
0.669556,-0.000495524,10,0
0.821045,-0.000387792,7,0
0,0.00104887,5,0
1.60803,-0.0016847,1,0
1.09991,0.000921859,7,0
1.00665,-0.00016495,6,0
1.22668,-0.00161778,5,0
0.92511,0.000972063,7,0
1.12762,0.00157516,2,0
0.759644,4.39503e-05,6,0
0.992828,0.000509217,6,0
1.87076,0.000507751,1,0
0.225067,0.000286723,3,0
0.615204,0.000434375,4,0
0.961761,0.000426366,3,0
0.672974,-0.000423374,9,0
0.56488,-0.000632156,4,0
1.04984,0.000843992,5,0
1.35373,0.00234343,2,0
0.484863,-0.00222457,6,0
0.362061,-5.65218e-05,11,0
0.238678,0.00143804,2,0
0.633667,0.00172086,2,0
1.31198,0.000239574,7,0
0.865448,-0.00047152,6,0
1.35297,-0.00130982,4,0
0.605621,-0.000518326,3,0
1.08612,0.000732067,5,0
0.516785,0.000505526,3,0
1.02573,0.00057273,2,0
0.608643,-0.000452071,5,0
0.665649,-0.000436005,3,0
1.07687,-0.000430446,1,0
0.785675,0.00108179,1,0
0.641998,0.000449399,2,0
1.15079,0.000568033,5,0
1.26175,-0.000745293,2,0
0.48172,-0.000184221,7,0
0.394867,6.98577e-05,4,0
1.39194,0.000529898,3,0
0.525848,-0.000406734,2,0
1.04553,-0.000587972,4,0
0.202454,0.000454209,3,0
0.782196,-0.00109232,4,0
1.56454,-0.000267243,6,0
1.0668,8.352e-05,5,0
0.412201,0.000232784,3,0
0.439789,-0.000419559,7,0
0.816681,4.11484e-05,3,0
1.42084,0.000471641,3,0
1.51984,5.49706e-05,4,0
0.899109,0.00217791,2,0
0.891296,-1.38531e-05,3,0
1.40424,-0.000680491,2,0
0.951172,-0.00115043,3,0
1.27139,0.000414365,4,0
0.625458,0.00085858,4,0
0.96048,-0.000242879,3,0
0.315063,-0.000775398,3,0
0.943237,0.00044125,3,0
0.845398,8.49652e-05,3,0
0.0343018,0.000578243,2,0
1.15775,0.000923256,1,0
1.28616,-0.000593553,4,0
0.933929,0.000696956,1,0
1.06561,-0.000132896,3,0
1.65561,-0.000113833,3,0
1.2276,0.000440621,1,0
0.612152,-0.00089992,6,0
0.529236,0.000641401,3,0
0.824158,0.000440408,3,0
0.942749,-0.000657428,3,0
0.940918,0.000819514,2,0
1.26038,0.000174109,2,0
0.483643,-0.00080465,1,0
0.931946,0.000322695,1,0
0.930664,-0.000422374,4,0
0.576233,0.000718129,4,0
0.447266,-0.00170846,1,0
1.06616,0.000425092,5,0
1.03543,0.000653399,4,0
0.425415,0.00099017,2,0
1.19196,0.0014654,1,0
0.28949,0.00142762,3,0
0.287476,0.000164243,1,0
0.582214,-0.001436,3,0
0.505188,-0.000489063,1,0
0.418884,-9.80555e-05,1,0
0.69281,0.000836241,2,0
0.592072,-1.96557e-05,5,0
0.893768,0.000520582,2,0
1.06473,0.000443629,1,0
1.13705,-0.000131087,2,0
1.04474,-0.00105645,3,0
0.799744,0.000702516,2,0
0.606659,-0.000421032,1,0
1.06421,0.000561407,3,0
0.39917,-0.000526906,2,0
1.1813,-0.000578152,1,0
0.974548,-0.00102499,6,0
1.11765,-9.70264e-05,3,0
0.999756,0.000630471,5,0
0.855133,-0.00066797,1,0
1.02386,0.00127933,2,0
1.54846,-0.00151741,5,0
0.844238,-0.000186743,2,0
0.200073,-0.000515452,2,0
1.39072,0.00106675,1,0
1.07391,-0.000225991,5,0
0.381897,-0.000726542,3,0
0.907562,0.000784747,1,0
0.348785,0.00017615,4,0
1.10825,0.000191507,2,0
1.07098,0.000259584,4,0
0.791779,-0.00107056,1,0
0.230804,-0.000564295,1,0
0.823608,0.00120125,6,0
1.41733,0.000400987,5,0
0.13266,0.000838139,1,0
0.998444,0.000234907,1,0
1.0127,-0.0031402,6,0
0.797913,0.000385453,4,0
0.654419,0.000804788,2,0
1.10135,0.000902961,4,0
0.361084,-0.0016021,3,0
1.1861,0.000561157,3,0
0.268463,-1.69678e-05,1,0
0.433929,0.000148948,3,0
0.94873,-0.00157088,2,0
0.506592,-5.72587e-05,2,0
0.967285,0.000591074,5,0
0.743866,0.000905455,2,0
1.12457,-0.00041973,2,0
0.716187,0.000682136,5,0
1.29855,-0.00082927,2,0
1.19589,0.000387875,2,0
0.314667,0.000114229,2,0
1.49118,0.000145657,5,0
0.900787,-0.000459675,2,0
1.33218,0.000374288,2,0
0.0654907,0.00143541,2,0
0.748138,-0.00159928,2,0
0.92511,-0.000104702,3,0
1.40451,0.00120012,2,0
0.476715,0.00104036,1,0
1.01331,-0.000457837,1,0
1.0965,-0.0002888,4,0
1.17966,0.000317522,5,0
0.545593,-0.000602028,1,0
0.792267,-0.000255786,3,0
1.22421,-5.0532e-05,4,0
0.527008,-0.00016515,3,0
0.312103,-0.000247777,1,0
1.17514,0.000407791,1,0
1.27737,-0.000548599,5,0
1.27588,-0.000920689,1,0
0.354187,0.001726,6,0
0.707672,-0.000301813,1,0
0.961426,0.00140278,5,0
1.22662,-0.00106827,4,0
1.00952,0.000102614,4,0
1.37534,0.000671901,5,0
0.760437,-0.000626108,3,0
0.973053,-0.00111558,3,0
0.597382,0.000328109,3,0
0.233307,0.000525066,4,0
0.823853,0.000782116,3,0
1.84607,-0.000605911,1,0
0.954987,8.35828e-05,1,0
0.862701,-0.000711728,2,0
0.412384,-0.000103873,5,0
0.24054,-0.000451302,2,0
1.14612,-1.46713e-05,2,0
1.21515,-0.000131658,6,0
1.18768,-0.000477416,3,0
0.671021,0.00142918,3,0
0.501343,-0.000788991,2,0
1.24173,0.000791453,5,0
0.172302,0.000470367,2,0
1.00977,-0.000827606,4,0
0.771973,0.000637679,2,0
1.42413,0.00101989,1,0
0.674622,0.00184658,4,0
1.48123,0.000739406,3,0
0.651825,-0.000457742,3,0
0.979675,-0.0023712,5,0
0.0999756,-6.13154e-05,3,0
0.164276,-0.000417474,4,0
0.342804,0.0011839,3,0
0.236877,0.000123078,4,0
0.69693,0.000486534,5,0
0.957916,-0.000408352,3,0
0.487946,6.55707e-05,3,0
1.04904,-0.000174409,3,0
0.82486,-4.73853e-05,2,0
0.54837,-0.00108573,9,0
0.99826,-0.000204459,1,0
0.379547,0.000216841,1,0
0.749176,-0.00046433,6,0
0.216614,-0.000333798,3,0
0.686157,0.00133131,3,0
0.906647,0.000742087,5,0
1.53751,-0.000705173,5,0
0.600433,-0.00024876,2,0
0.427032,0.000401861,3,0
0.827362,-0.000483876,1,0
0.864105,-2.47756e-05,5,0
1.01761,-0.00056821,4,0
0.659363,0.000182531,3,0
0.944183,0.000960037,1,0
0.718353,-0.000373571,2,0
0.282715,-0.000516879,2,0
1.02747,-0.000327488,3,0
0.978149,0.00120658,1,0
0.739807,-1.93944e-05,1,0
0.601196,-0.00049918,3,0
0.558502,-0.00148608,2,0
1.02478,0.000141984,3,0
1.19949,-0.000311226,3,0
0.330505,0.000539161,3,0
0.621887,0.000362278,2,0
0.883148,-0.00325238,4,0
0.96698,0.00148014,5,0
1.1973,0.00097503,7,0
0.301514,-0.00137412,4,0
0.421204,0.000176524,1,0
0.406311,0.000393209,4,0
0.215363,-0.000548477,1,0
0.343842,-0.000390489,3,0
0.32019,0.00144703,2,0
0.590485,-0.000764596,2,0
0.709137,5.1605e-05,3,0
0.644623,3.40855e-05,7,0
1.28098,-9.62781e-05,2,0
0.941803,-0.000112472,4,0
1.53305,-0.00134676,4,0
1.06308,0.00100006,1,0
0.611115,-0.00107868,8,0
1.0965,0.000272171,3,0
1.21564,6.8776e-05,5,0
0.592957,-0.000109237,2,0
0.575348,0.000530453,2,0
0.319092,0.000789327,2,0
0.628967,0.000715832,4,0
0.49234,-0.00275059,1,0
0.0987549,0.000866813,5,0
0.842407,-0.000825615,3,0
1.1492,0.000329826,4,0
0.482513,0.00202455,1,0
1.02298,0.000902576,3,0
0.225647,0.00100164,3,0
1.20953,0.000222562,3,0
0.588623,-0.000303779,6,0
0.877502,-0.000346526,1,0
0.797882,-0.000286357,3,0
0.918182,-0.000775421,3,0
0.983398,0.000666754,3,0
0.567383,0.000103484,2,0
1.86362,0.000218938,4,0
0.727875,0.000943756,2,0
1.52548,-0.000228106,3,0
1.17432,-0.00171414,3,0
0.946869,-0.000634767,5,0
0.892761,-0.00142392,21,0
0.0309753,0.000136467,11,0
0.837708,0.00042017,15,0
0.289886,0.00042887,13,0
1.25317,7.42336e-05,10,0
0.944519,-9.07337e-05,9,0
0.950867,-0.000233963,8,0
0.267303,-1.77979e-05,8,0
1.58807,-8.92336e-05,9,0
0.651886,-8.13846e-05,2,0
1.54617,-0.000109269,13,0
1.48117,0.000234979,8,0
1.64011,0.000207764,10,0
0.978394,-0.000584603,9,0
0.49704,-0.000777597,19,0
0.585114,0.000306094,9,0
0.777649,0.000349749,9,0
0.619019,0.00010904,7,0
0.664612,0.000212645,5,0
1.5614,5.11396e-05,6,0
0.251678,9.6008e-05,8,0
1.65637,8.10537e-05,16,0
1.4191,-7.30615e-05,16,0
0.922577,-0.000327498,4,0
0.264771,8.87235e-06,9,0
0.857025,0.000499547,4,0
1.41757,6.31908e-05,11,0
1.05991,-0.000158135,5,0
1.17633,0.00039035,12,0
0.065094,-0.000598229,9,0
0.840912,-2.84603e-05,9,0
1.36087,-7.7096e-05,9,0
1.10077,-0.000177018,14,0
0.124542,0.000179147,14,0
0.2388,-2.72593e-05,1,0
0.132538,-0.000385742,8,0
0.274567,0.000106951,18,0
0.563995,-0.000181502,3,0
0.620575,-0.000733618,9,0
0.486847,0.00055756,15,0
0.492096,0.000555808,6,0
1.20334,0.000343871,13,0
0.39444,6.55216e-05,6,0
0.223907,-0.000639323,10,0
1.32837,0.000277387,8,0
1.19772,0.000520641,7,0
1.16931,0.000578067,10,0
1.48151,-0.000223393,10,0
0.86731,2.42263e-05,8,0
1.10635,-0.000881216,27,0
0.416779,-0.000375891,6,0
1.86038,-4.32181e-05,6,0
0.632965,8.3531e-06,6,0
0.773071,6.2155e-05,12,0
1.13419,0.000182962,15,0
0.73999,0.000221736,16,0
0.723999,0.000483196,11,0
0.723999,0.00063762,1,0
1.13867,0.000468479,11,0
1.18423,0.000287643,13,0
0.543152,0.000237642,4,0
1.01434,-0.000387334,13,0
0.678223,-0.000237567,7,0
0.0945129,0.000143555,10,0
1.69592,-0.000209309,11,0
0.91153,-2.6696e-05,4,0
0.473175,-0.000562919,11,0
0.818878,-1.63613e-05,10,0
0.44931,2.28548e-05,11,0
0.933044,8.19962e-05,16,0
0.497955,-3.5636e-05,8,0
1.13101,-8.84128e-05,8,0
0.561462,0.000481661,8,0
0.759613,-2.67515e-05,22,0
0.501678,-0.000609599,14,0
0.840088,0.000323108,12,0
1.39511,0.000469068,9,0
0.43335,0.00044346,2,0
0.172333,-0.000302859,15,0
0.233185,-0.00105899,9,0
0.327332,-0.000509414,10,0
1.15656,0.000258657,23,0
0.844543,-0.000176166,4,0
0.832916,-5.32427e-06,12,0
1.53699,0.000636953,4,0
0.77002,0.000574412,13,0
0.450836,0.000208372,4,0
0.592987,0.000542309,10,0
0.921967,-0.000559025,10,0
0.46521,-0.000585882,20,0
0.172455,-0.000555312,6,0
0.680145,0.000428377,10,0
0.833588,0.000239395,10,0
0.929291,0.000101559,9,0
1.27048,6.59872e-05,3,0
1.36023,0.00032625,14,0
1.06412,0.00045482,9,0
0.486115,-0.000136268,17,0
1.02597,-0.000706888,11,0
1.23526,-0.000475983,2,0
1.41571,-0.000113009,12,0
0.828705,-0.000113056,10,0
0.626343,-0.00026211,12,0
0.452942,-0.000608834,12,0
0.910645,0.000255672,5,0
1.14822,0.000184278,14,0
0.667389,-7.3721e-07,9,0
1.22797,0.000245184,26,0
0.851288,0.000968234,8,0
1.10992,0.00110808,1,0
0.705597,0.000459845,8,0
1.67325,-0.000245046,7,0
0.855072,0.000264931,16,0
1.18842,-0.0014481,15,0
0.790588,-0.000379771,10,0
1.59265,-4.50776e-05,4,0
1.43793,0.00111991,6,0
1.36157,0.000244805,10,0
1.03061,-0.000153227,12,0
0.665955,-0.000217638,6,0
1.13675,-0.000407662,12,0
0.632996,4.84542e-05,19,0
0.955414,0.00011574,9,0
0.71051,-5.0151e-05,11,0
2.18604,-0.000593276,10,0
0.288361,2.41017e-05,20,0
0.93576,0.000403823,22,0
1.58249,0.0004047,22,0
0.423584,-7.78629e-06,5,0
0.6185,-0.000657054,13,0
1.41132,-1.66595e-06,13,0
1.60513,-0.000130467,10,0
1.15353,0.000277341,6,0
1.40741,0.000726986,5,0
1.15652,-0.00039031,3,0
0.645142,-0.000398791,3,0
1.0798,9.33868e-05,3,0
1.14447,0.000234983,1,0
0.0982666,-0.00203667,2,0
2.02826,-0.00200163,1,0
1.39871,0.00126883,2,0
1.64304,0.0011115,5,0
1.24228,-0.000782061,1,0
0.212158,-0.000180377,5,0
1.10828,-0.00097268,1,0
0.571381,0.000812265,3,0
0.800049,-0.000455315,2,0
0.742096,-2.037e-05,4,0
0.775665,0.000674529,3,0
1.34677,-0.00086855,8,0
0.960907,0.000804119,1,0
0.606537,0.000274281,3,0
0.619446,0.000739386,5,0
0.687073,0.00133073,5,0
1.42569,-0.0002626,1,0
0.853546,1.80242e-05,4,0
1.3363,0.00144416,3,0
0.743317,0.000977026,4,0
1.21362,0.000124239,5,0
0.221863,-0.000163857,1,0
1.44458,-0.000305216,2,0
0.327942,-0.000972939,1,0
0.295044,0.000597048,8,0
3.95258,-0.000199291,2,0
0.575897,0.000734669,4,0
0.780975,-0.000650209,2,0
0.700714,-0.00188499,1,0
0.558807,-0.000280073,2,0
1.52271,-0.000571526,3,0
0.801514,0.00150956,4,0
0.799164,0.000802303,2,0
0.940247,-0.00132195,5,0
0.567291,-7.35562e-05,2,0
0.433289,0.000362111,1,0
0.55835,-0.000945882,6,0
1.18005,-0.000223349,3,0
0.959167,0.00156238,3,0
1.64465,0.000933156,4,0
2.12372,-0.000242194,4,0
0.621674,-0.00219605,5,0
0.326141,-0.000766731,3,0
0.467621,0.00139187,2,0
1.00146,0.00105935,2,0
3.05249,0.000444003,3,0
1.03812,5.96131e-05,4,0
1.34473,0.000559973,1,0
0.752686,0.000339165,2,0
0.211456,-0.000217697,2,0
0.497955,0.000108715,4,0
1.26404,-0.00303753,2,0
3.87579,-0.00100006,1,0
0.233154,0.000744598,2,0
0.935455,0.000473609,2,0
0.950348,0.000740702,3,0
1.48441,-0.00208513,3,0
1.66403,0.000648506,2,0
0.568451,0.000510958,3,0
1.14917,-0.000431627,2,0
0.669403,-0.00129333,3,0
1.20749,-0.000628076,2,0
0.00732422,-0.000865054,2,0
1.23007,0.00025375,4,0
0.538849,1.53391e-05,5,0
2.64096,-0.00148006,1,0
0.389099,-0.00038758,2,0
0.635773,0.000557773,2,0
1.11176,0.000643027,4,0
0.804199,-0.000159646,2,0
1.41815,0.000404562,2,0
0.329163,0.000165628,1,0
0.972931,-0.000270948,6,0
0.606293,-0.000739167,2,0
0.912903,-0.000808844,3,0
1.03592,0.000191527,2,0
1.05298,0.000946839,3,0
0.855957,0.000831141,4,0
0.67868,-0.00146853,3,0
0.44632,-0.000933413,5,0
0.363281,-0.000727098,3,0
1.05356,0.00102679,1,0
0.621796,0.000249712,1,0
1.14148,0.000137,1,0
0.927643,0.000119111,2,0
0.961548,0.0014639,4,0
1.11957,-4.67879e-05,1,0
0.994141,-0.000454293,4,0
0.354187,8.15344e-05,1,0
1.336,-0.00125918,4,0
0.349701,-0.00058806,4,0
0.308655,0.000449655,5,0
0.156403,0.00101806,2,0
0.627045,0.000198448,4,0
0.874786,-0.00063638,3,0
1.15744,-0.000813787,3,0
1.25809,0.000596613,8,0
1.39413,0.00102751,1,0
1.13345,0.000312383,2,0
0.516449,0.000371949,4,0
1.25958,0.000454056,1,0
1.23129,0.000105058,7,0
1.005,0.000153539,1,0
1.00229,0.000276009,3,0
0.952484,-0.00237642,2,0
0.853302,-0.00066575,7,0
0.0144043,-0.000479836,6,0
0.421448,0.000574572,2,0
0.428894,6.84856e-05,6,0
0.543152,-8.72915e-05,7,0
1.07758,-0.000787745,2,0
0.893707,0.00112456,1,0
1.38248,0.000812209,5,0
0.989349,-0.000162097,2,0
0.571716,-0.000153703,5,0
0.657074,8.74929e-06,3,0
0.612213,-8.53531e-05,1,0
1.63708,0.000162182,3,0
1.0173,0.000107938,5,0
1.22964,0.00130829,1,0
0.13797,0.00146568,3,0
1.77368,0.000940561,3,0
0.922241,-0.00151368,3,0
0.777374,-0.00102715,2,0
0.581055,-0.000468732,3,0
1.21408,0.000456776,3,0
0.411774,0.000834867,1,0
0.886078,0.000213545,1,0
0.900879,7.10324e-05,1,0
0.886017,-0.00227573,3,0
0.817688,-0.00067158,2,0
0.630402,-0.000169773,5,0
1.39749,0.00112928,1,0
1.17276,-0.000417489,2,0
0.826538,0.00084729,7,0
3.74783,-4.46654e-05,5,0
2.5271,-0.000559723,3,0
1.23657,0.000599264,4,0
0.822327,-0.000746689,4,0
0.518616,0.000516736,5,0
0.764282,0.00144627,4,0
1.17191,0.000408657,7,0
0.202423,-0.000194242,3,0
0.252197,-0.00170505,1,0
2.08246,0.000284217,3,0
1.30899,0.00254938,4,0
0.768738,0.00179446,1,0
0.930939,3.85333e-05,4,0
0.304047,-0.000148192,1,0
2.70654,-0.000750687,2,0
0.848572,-0.000865598,5,0
0.389801,-0.00031602,6,0
1.31345,0.00106508,1,0
0.485992,0.00151163,2,0
0.182831,-0.00111547,1,0
0.416412,-0.000411415,5,0
0.834412,0.00071106,3,0
0.407501,-0.000305833,2,0
0.890289,-0.00031395,4,0
0.73111,-0.000452434,5,0
1.03043,0.000476346,3,0
0.919617,7.87572e-06,5,0
0.87851,-0.000617631,3,0
1.06006,0.000141439,2,0
0.8862,0.000489039,1,0
2.40536,0.000432704,3,0
1.13712,-0.00186619,2,0
0.400635,0.000500641,1,0
1.35361,-0.000580973,2,0
3.20691,0.000627098,4,0
1.04541,0.000866553,2,0
1.27518,-0.00117018,3,0
0.65863,0.00044695,2,0
0.674255,-0.00119486,5,0
0.783661,-0.000444146,6,0
3.10422,0.000415566,3,0
0.825897,-4.37721e-06,6,0
0.111786,0.000291326,1,0
0.780243,-0.000751912,2,0
1.2547,0.000426747,4,0
1.03195,-0.00148971,4,0
0.395782,0.000432193,3,0
0.965057,-0.00119305,3,0
2.19305,0.000548885,1,0
1.60928,0.00121526,3,0
4.23685,0.000345653,4,0
0.34201,0.000211291,3,0
0.902039,-0.0016599,4,0
1.13672,-0.000161815,5,0
1.29077,0.000209309,5,0
1.36298,0.00102788,4,0
0.581573,0.000172881,1,0
0.897461,0.000791757,3,0
0.865112,-0.00217131,2,0
1.75699,-0.00104852,1,0
0.888397,1.87567e-05,4,0
0.911987,0.000645797,1,0
0.911255,5.67184e-05,1,0
1.08545,-0.00103342,4,0
0.695129,-3.41851e-05,3,0
0.384308,-0.000842764,2,0
0.495636,-0.000473779,6,0
0.523773,0.000107977,3,0
0.97699,-0.000355668,2,0
0.691284,-0.000424614,2,0
0.937408,0.000485343,7,0
1.11652,0.000897663,4,0
1.01297,-0.000169491,1,0
1.31415,0.00229356,3,0
1.08887,0.00235508,1,0
0.621094,0.00186859,1,0
1.01352,0.00147574,1,0
0.5802,-0.00264555,5,0
0.21759,-0.0011305,7,0
0.541107,-0.000490515,3,0
0.956696,0.000503033,3,0
0.800079,-0.00139691,2,0
0.753845,0.000621655,3,0
0.584717,-0.000178862,6,0
0.433014,0.000115153,4,0
0.343445,0.000608575,7,0
0.401001,2.4376e-05,5,0
0.332703,0.00282583,2,0
0.857513,-0.000173681,2,0
0.818604,-0.00296287,8,0
1.80585,-0.000177162,1,0
0.420441,0.000723702,2,0
0.328156,0.000970688,2,0
0.197174,0.000223358,3,0
0.268921,-0.00169961,4,0
0.787537,-0.00108418,1,0
0.831512,0.00103181,5,0
2.86017,-0.0005301,1,0
0.96344,-0.000634306,2,0
0.311462,-0.00100255,3,0
0.97644,0.0011079,3,0
0.898315,-0.000574865,3,0
1.09158,-0.000183186,5,0
1.19775,-3.96152e-05,4,0
1.12692,-0.00114439,2,0
0.878265,0.00114427,1,0
0.98053,-0.000332796,1,0
1.29263,6.15894e-05,3,0
1.19052,-0.0018763,7,0
0.125,-0.00181328,1,0
1.15179,-5.36973e-05,3,0
0.347809,0.000393308,5,0
1.25113,-0.000353813,3,0
0.990967,-0.000982815,4,0
0.549347,0.000754257,3,0
0.431427,0.00193397,4,0
0.80835,-0.000750438,2,0
0.770203,0.000183417,1,0
1.479,0.00111045,7,0
0.756409,0.000330751,2,0
0.595978,0.000424687,3,0
0.700806,-0.000917937,3,0
0.706146,0.000333225,4,0
0.911469,-0.00155718,3,0
0.542328,0.00180486,3,0
0.521423,0.00184358,1,0
0.479828,-0.000957774,4,0
0.130737,-0.000778814,4,0
1.33328,-0.000814612,2,0
0.34729,0.000909061,2,0
1.04593,0.0020326,4,0
0.750153,-0.000655529,1,0
1.20444,0.000127133,2,0
0.202789,0.000314305,1,0
0.872437,-0.00177766,5,0
1.50928,-0.00227204,2,0
0.930359,-1.68792e-05,4,0
1.29581,6.19908e-05,3,0
0.4422,5.35228e-05,1,0
1.24277,-0.000383489,3,0
1.16702,-0.000392261,6,0
0.613129,0.00496209,4,0
1.53281,0.00325649,1,0
0.860657,0.000192283,3,0
0.476959,-0.00144697,3,0
0.61026,1.99988e-05,2,0
1.2662,0.000763254,3,0
1.34485,0.000814414,2,0
1.14911,-0.00102975,2,0
0.962006,0.000571322,2,0
0.441132,0.000731649,5,0
0.861603,-0.000200794,5,0
1.13553,-0.00134239,1,0
1.37195,-0.000168279,3,0
1.21225,-0.000788803,2,0
0.311798,-0.0008725,5,0
1.22897,-0.00225202,2,0
1.05438,0.000523365,2,0
0.804993,0.00141914,4,0
1.0278,0.00121666,5,0
1.0278,0.00109423,1,0
1.49222,-0.00145605,5,0
0.658417,7.52305e-05,4,0
0.580933,0.000668356,5,0
0.578796,0.000220895,1,0
0.634338,0.00052665,1,0
1.19489,0.000491636,4,0
1.0329,-0.000432655,1,0
0.823425,0.000148122,4,0
0.523987,-0.000519426,2,0
0.766266,-0.000803995,3,0
1.01566,0.000424636,1,0
0.292297,0.00102964,1,0
0.851227,0.000450554,1,0
1.28699,-0.000813583,3,0
1.11078,0.000462103,4,0
1.37381,0.000281251,1,0
1.34225,0.000373068,1,0
0.861938,-8.86725e-05,2,0
0.339722,0.000329123,2,0
0.902466,0.000534646,1,0
1.1402,-3.0985e-05,1,0
0.456085,6.11992e-05,1,0
0.861359,0.000110269,5,0
0.883392,-0.000233242,1,0
0.757904,-0.00156335,3,0
1.47284,0.000395526,1,0
0.469147,0.000468168,5,0
0.622345,0.000751722,3,0
0.521881,2.8325e-05,3,0
2.43927,-0.000129117,2,0
0.971588,-0.000355595,4,0
1.03217,-0.000313348,9,0
1.27139,-9.09975e-05,6,0
0.899841,0.000432509,1,0
0.935303,0.000404447,4,0
1.01248,0.000186984,5,0
1.28458,0.000579123,2,0
0.856567,-0.000714366,6,0
0.829651,-0.00141153,1,0
0.249298,-0.00160927,1,0
0.504791,0.000123952,1,0
1.22992,1.81872e-05,1,0
0.892456,0.000110392,5,0
0.691162,-5.93343e-05,3,0
1.00003,0.000198142,4,0
1.10114,0.000592237,2,0
0.587036,-0.000304365,2,0
1.40701,0.000866507,2,0
0.650452,9.59718e-05,2,0
0.701477,0.000905922,1,0
0.939423,-0.000478622,6,0
1.04059,0.000640756,4,0
0.899231,-0.000122257,1,0
0.599762,0.000522872,3,0
0.722748,0.00128943,1,0
0.243347,-0.000611478,2,0
0.609711,0.000703269,3,0
1.08746,0.000767346,2,0
0.560303,-0.000867898,3,0
0.908905,0.00190648,1,0
0.734741,0.000995482,2,0
1.45453,0.00107821,2,0
1.16876,-0.000417252,2,0
1.49338,-0.000707512,1,0
0.65448,-0.00170087,5,0
1.17688,0.00138872,4,0
1.56088,-0.000445454,3,0
1.00577,-0.0013283,3,0
0.621948,-0.000312742,3,0
0.623932,-0.000712716,2,0
1.37088,0.00164267,7,0
0.901337,-0.0019768,2,0
1.26028,-9.56195e-05,3,0
0.176697,0.000750545,5,0
0.649017,-0.0018703,3,0
0.90332,-0.000214908,1,0
0.434448,0.00124594,9,0
0.743225,0.000259766,4,0
0.724487,-0.000284189,2,0
1.18912,-0.000233731,8,0
1.1235,-0.000819463,2,0
0.947296,0.000572384,3,0
0.812531,0.000347153,5,0
0.687653,-0.000350641,7,0
0.71524,-0.000921311,6,0
0.343933,-0.000951675,5,0
0.164154,0.000165321,6,0
0.620087,-0.000107352,2,0
1.17737,-5.14469e-05,2,0
0.657104,0.000751584,2,0
0.294617,-0.000173512,3,0
0.873749,-0.000423301,2,0
0.839752,-0.000425019,4,0
0.618835,0.000334757,6,0
1.02954,-0.000362014,5,0
0.851532,0.0010629,6,0
0.858215,0.00049814,4,0
1.59756,0.000267698,3,0
0.758392,0.000231628,4,0
1.16635,-0.000114768,3,0
0.242981,-0.000202117,4,0
0.792603,-0.00113317,1,0
0.93573,-0.000687323,6,0
1.27884,-0.000397195,6,0
1.03613,-0.000309691,2,0
0.631012,0.000185742,1,0
1.07275,-0.00108163,2,0
0.941223,0.000922555,2,0
4.96722,0.000459215,7,0
0.641846,0.00124864,1,1
2556.94,0.289083,1,1
2562,0.183214,8,1
2570.96,0.102421,8,1
2619.46,0.144729,1,1
2593.87,0.115423,9,1
2567.12,-0.107954,13,1
2566.72,-0.0816445,12,1
2594.4,0.0246017,5,1
2599.13,0.0335394,10,1
2630,0.174042,13,1
2653.14,0.00964563,5,1
2657.25,0.034098,5,1
2678.86,0.0698614,5,1
2660.8,0.0294267,6,1
2661.28,-0.0304238,18,1
2650.16,-0.0540023,4,1
2682.04,0.0137346,4,1
2605.49,-0.005185,26,1
2520.88,-0.0956597,14,1
2558.53,-0.129087,2,1
2664.33,-0.0525055,3,1
2662.93,0.0908623,1,1
2633.22,0.0541782,17,1
2626.98,-0.0871044,7,1
2603.66,0.00674896,8,1
2540.84,-0.0489809,16,1
2493.72,-0.197981,15,1
2529.66,-0.156704,3,1
2516.1,-0.0674901,11,1
2629.05,-0.0210178,6,1
2729.08,0.0441723,2,1
2693.67,0.114282,1,1
2559.3,0.131746,13,1
2532.31,-0.342022,17,1
2572.28,0.0827806,7,1
2539.7,0.00305261,16,1
2547.37,-0.0668867,15,1
2563.29,-0.0153383,4,1
2575.15,0.142601,4,1
2565.58,0.0272671,13,1
2552.82,-0.0524786,4,1
2503.24,-0.0957775,22,1
2464.76,-0.092164,1,1
2576.58,0.0273889,1,1
2649.05,0.175494,5,1
2701.17,0.166782,1,1
2701.85,0.154721,12,1
2702.23,0.0979702,4,1
2713.13,0.137115,10,1
2713.35,-0.0387065,20,1
2680.51,-0.0857717,18,1
2664.2,-0.087744,36,1
2509.62,-0.108771,21,1
2512.07,-0.194562,2,1
2515.99,-0.196737,5,1
2509.18,-0.133276,13,1
2549.26,-0.118903,8,1
2413.01,-0.0554544,15,1
2412.99,-0.0811258,7,1
2531.96,0.000372261,5,1
2622.22,0.083863,5,1
2647.5,0.177787,19,1
2553.57,0.204685,20,1
2537.38,0.0381561,5,1
2496.75,-0.0372465,17,1
2500.06,-0.0998932,3,1
2471.17,-0.181995,10,1
2501.44,-0.133752,11,1
2456.49,-0.0970785,4,1
2402.53,-0.110471,13,1
2323.06,-0.253256,27,1
2278.22,-0.262662,20,1
2194.65,-0.37528,17,1
2159.14,-0.29558,13,1
2419.49,0.27752,11,1
2435.72,0.212341,11,1
2364.32,0.0140229,13,1
2421.24,-0.081027,3,1
2422.51,0.0367715,4,1
2498.46,0.165298,5,1
2401.15,0.125237,17,1
2449.33,0.0925859,7,1
2382.86,0.018789,13,1
2379.06,-0.0787581,5,1
2430.21,-0.139599,1,1
2464.72,-0.0306225,5,1
2482.95,0.0731879,7,1
2540.66,0.175692,18,1
2494.31,-0.0842864,14,1
2489.06,-0.148676,29,1
1605,-0.168384,111,1
1509.38,-1.71703,33,1
1575.82,-1.85789,3,1
1574.71,-0.592602,7,1
1643.09,-0.107481,4,1
1639.49,0.0312773,4,1
1773.64,0.114926,8,1
1775.99,0.161019,6,1
1829.99,0.200503,11,1
1861.54,0.232175,25,1
1857.85,0.193921,9,1
1796.87,0.0825863,7,1
1716.12,-0.0984637,7,1
1645.29,-0.241566,1,1
1623.81,-0.213717,18,1
1662.09,-0.163343,10,1
1708.47,-0.0930486,16,1
1674.9,0.000446307,12,1
1870.11,0.0777042,7,1
1830.96,0.200412,32,1
1739.66,0.222299,1,1
1677.14,0.132914,1,1
1860.03,0.186002,2,1
1825.58,0.208752,19,1
1878.19,0.0880577,15,1
1803.92,0.0548324,15,1
1744.99,-0.227974,4,1
1756.67,-0.0534558,3,1
1773.17,-0.0162161,6,1
1756,0.122393,11,1
1654.99,-0.135372,28,1
1621.88,-0.215772,7,1
1540.49,-0.476191,26,1
1486.39,-0.366658,11,1
1514.39,-0.260983,5,1
1498.4,-0.128183,7,1
1438.49,-0.110244,21,1
1398.1,-0.304826,19,1
1388.89,-0.271111,4,1
1414.04,-0.0697608,7,1
1457.15,0.0429192,11,1
1451.16,0.0730922,2,1
1526.66,0.0758688,2,1
1503.43,0.168203,13,1
1475.32,-0.0273944,14,1
1459.75,-0.0682178,5,1
1462.88,-0.0279802,6,1
1527.05,-0.00800832,24,1
1455.37,0.0295542,7,1
1517.09,0.0289189,19,1
1525.48,0.0338595,15,1
1575.8,0.0605059,3,1
1571.18,0.0770858,4,1
1528.36,0.0793959,3,1
1557.35,0.0540699,6,1
1524.89,-0.00297509,13,1
1570.9,-0.0325074,19,1
1433.28,-0.0289821,18,1
1450,-0.0746254,3,1
1655.15,0.0922182,2,1
1665.77,0.161337,18,1
1673.46,0.190634,3,1
1648.7,0.185876,22,1
1699.6,0.14651,8,1
1566.09,0.0856484,8,1
1513.75,-0.246466,4,1
1532.19,-0.100351,5,1
1496.24,-0.0892404,16,1
1480.7,-0.0565551,24,1
1381.27,-0.0829079,25,1
1363.94,-0.213798,11,1
1220.98,-0.207308,1,1
1543.06,0.221931,8,1
1651.89,0.246911,11,1
1684.44,0.253545,1,1
1628.45,0.281001,2,1
1631.21,0.106812,4,1
1679.67,0.121371,4,1
1700.31,0.110253,3,1
1716.53,0.177407,17,1
1622.19,0.0298241,13,1
1528.55,-0.387186,21,1
1549.41,-0.331953,9,1
1544.36,-0.0689651,9,1
1563.05,0.0392972,6,1
1461.15,-0.182681,28,1
1408.7,-0.257308,30,1
1477.42,-0.158138,4,1
1396.92,-0.0663134,13,1
1352.58,-0.190925,14,1
1282.84,-0.183399,18,1
1242.64,-0.169971,1,1
1270.01,-0.153304,22,1
1183.37,-0.125109,18,1
1208.01,-0.11592,6,1
1200.51,-0.115093,2,1
1808.76,0.214525,11,1
1725.7,0.0949433,20,1
1759.02,-0.0746658,1,1
1750.53,-0.00340451,11,1
1782.51,-0.021485,5,1
1703.18,-0.0305697,17,1
1761.33,-0.0756186,5,1
1788.28,-0.0201696,2,1
1813.23,0.0509065,1,1
1821.92,0.0819147,13,1
1723.52,0.0659721,24,1
1692.77,-0.00209237,1,1
1643.1,-0.116356,15,1
1671.62,-0.171219,7,1
1661.1,-0.0899469,1,1
1704.66,0.0238319,4,1
1715.64,0.0406818,7,1
1810.36,0.0669835,8,1
1805.71,0.0955916,1,1
1878.04,0.134671,11,1
1882.69,0.185504,13,1
1934.66,0.189963,5,1
1986.84,0.185039,1,1
1980.46,0.162158,1,1
1933.06,-0.0398579,2,1
1904.79,-0.0273365,11,1
1853.81,0.018119,13,1
1760.55,-0.187789,33,1
1652.89,-0.435146,25,1
1612.99,-0.383836,3,1
1580.02,-0.14296,14,1
1579.52,-0.181613,7,1
1603.98,-0.181596,6,1
1578.54,-0.078932,12,1
1645.16,-0.040201,4,1
1732.69,0.0241827,7,1
1757.16,0.102743,11,1
1646.16,0.188814,19,1
1551.9,-0.109494,9,1
1727.77,0.0968886,10,1
1775.99,0.142751,12,1
1788.69,0.173487,24,1
1498.16,0.146775,9,1
966.918,-0.326496,34,1
558.484,-1.14183,52,1
463.057,-1.48272,4,1
1225,0.188149,12,1
944.655,-0.0747966,12,1
740.095,-0.561233,7,1
580.721,-0.708347,6,1
1601.29,0.37596,1,1
1615.43,0.288683,4,1
1687.54,0.150765,1,1
1720.68,0.229339,1,1
1754.52,0.235857,1,1
1816.99,0.219039,2,1
1828.92,0.187865,1,1
1884.53,0.221904,1,1
1901.71,0.238741,3,1
1914.34,0.134134,5,1
1937.63,0.083289,4,1
1941.91,0.0864193,6,1
1955.29,-0.0227711,4,1
1924.42,0.045623,13,1
1901.68,-0.0413294,7,1
1909.2,-0.038658,3,1
1942.63,-0.0032587,3,1
1939.53,0.0169966,9,1
1945.8,0.00368126,4,1
1956.59,0.0345322,6,1
1956.3,0.0523991,4,1
1824.72,0.00779614,14,1
1412.91,-0.21651,33,1
964.801,-0.654638,29,1
853.124,-0.952992,11,1
616.027,-1.60314,17,1
664.038,0.334059,11,1
704.819,0.362253,3,1
746.587,0.41941,8,1
718.991,0.424686,6,1
792.58,0.413902,10,1
761.306,0.354211,12,1
731.789,0.240632,25,1
806.412,0.182776,15,1
737.345,0.0662593,8,1
539.092,-0.0300872,47,1
469.826,-0.270563,48,1
496.659,-0.336136,7,1
647.362,-0.304535,2,1
741.122,-0.0547019,36,1
659.556,0.0849319,18,1
625.218,0.129559,14,1
628.512,0.00898353,17,1
631.828,-0.0481547,21,1
703.373,-0.0540841,15,1
634.466,0.0258059,18,1
658.158,0.0468143,4,1
625.023,0.00926829,35,1
583.74,-0.101946,24,1
625.505,-0.108373,2,1
655.14,-0.0495569,3,1
702.754,0.053296,24,1
710.842,0.0862253,20,1
695.146,0.0716717,4,1
631.124,0.0105973,38,1
646.357,-0.0418168,24,1
629.058,-0.0671593,7,1
718.827,-0.0396095,9,1
733.641,0.0294017,23,1
702.051,0.0992945,24,1
576.776,-0.00671547,14,1
456.395,-0.254484,60,1
462.433,-0.353332,5,1
717.526,0.0167356,27,1
617.096,0.0971748,17,1
558.178,0.166269,4,1
569.485,0.106889,6,1
622.768,-0.017172,28,1
629.722,-0.0192395,15,1
694.399,0.0432147,4,1
687.195,0.0712376,33,1
661.217,0.0669007,26,1
659.83,-0.00513222,16,1
633.425,-0.01687,25,1
563.396,-0.0445155,7,1
672.452,0.00965928,9,1
675.744,0.0842172,19,1
680.518,0.0975818,15,1
656.04,0.0742593,19,1
688.213,0.0467062,10,1
639.335,0.00412419,30,1
524.832,-0.0383476,34,1
588.766,-0.11164,7,1
658.072,-0.115501,8,1
648.249,-0.0735578,32,1
625.131,0.00328456,24,1
620.401,0.0235238,3,1
588.305,0.014134,3,1
710.268,-0.00924345,5,1
626.084,0.0384065,17,1
516.651,0.0299615,53,1
518.981,-0.0892469,6,1
604.247,-0.1833,10,1
676.78,-0.0888616,19,1
701.187,0.0147264,11,1
771.838,0.094538,11,1
636.788,0.160895,12,1
578.635,0.0375513,21,1
523.952,-0.196879,25,1
572.545,-0.206523,20,1
502.582,-0.140708,36,1
483.836,-0.104786,17,1
517.417,-0.0596542,1,1
488.545,-0.0291481,15,1
469.728,-0.0377869,22,1
602.911,-0.0523377,6,1
655.825,0.021346,16,1
632.959,0.116324,16,1
594.675,0.178044,24,1
631.968,0.0827207,14,1
653.154,0.0498839,1,1
670.695,0.0603733,30,1
139.637,0.00324669,154,1
83.8713,-0.125473,11,1
138.453,-0.483338,16,1
105.853,-0.698475,15,1
115.982,-0.490111,32,1
117.039,-0.200406,17,1
72.9625,-0.119317,26,1
118.716,-0.144684,42,1
92.3874,-0.0929563,14,1
139.911,-0.035393,16,1
108.136,0.0368013,33,1
124.653,0.0294216,13,1
105.485,0.0248064,24,1
127.733,0.0153285,21,1
108.679,0.0014989,32,1
92.0562,-0.0401609,20,1
85.4724,-0.0772656,43,1
130.806,-0.0391738,21,1
97.4987,-0.00655612,34,1
104.64,-0.000493257,12,1
107.761,0.0251484,13,1
140.933,0.0430187,21,1
115.959,0.0551089,43,1
150.975,0.0252245,14,1
133.27,0.00472918,30,1
58.0444,-0.00805475,28,1
123.544,-0.00805475,3,1
147.751,-0.0205564,30,1
145.49,-0.00843288,14,1
90.6451,0.00148764,35,1
61.9076,-0.015293,9,1
55.1141,-0.0108005,25,1
142.496,-0.0131465,14,1
128.522,-0.0047281,34,1
125.97,0.00607078,20,1
113.82,0.0323705,32,1
122.213,-0.00758377,12,1
135.774,-0.00626025,21,1
127.146,0.0113139,24,1
124.273,-0.016279,21,1
116.964,-0.0235149,26,1
121.357,0.00948501,18,1
103.357,0.0290996,28,1
141.728,0.0177375,11,1
52.7734,0.0143315,16,1
153.637,0.00020008,9,1
105.121,-0.00717945,23,1
97.885,-0.0190598,18,1
96.9965,-0.0406187,22,1
132.347,-0.0588422,5,1
125.464,-0.0382527,11,1
130.741,0.00196112,7,1
110.807,0.0399024,6,1
110.701,0.0341565,11,1
106.691,0.0152621,11,1
107.784,0.0117813,17,1
153.285,0.00467596,13,1
142.564,0.0246886,13,1
138.192,0.0365713,9,1
143.22,0.0328513,18,1
142.439,0.0137419,15,1
142.52,-0.00555901,22,1
139.359,-0.0133139,28,1
73.65,-0.0199575,24,1
146.298,-0.0317849,23,1
116.048,-0.0228705,4,1
73.9185,0.00104681,21,1
89.5674,-0.0389945,15,1
65.1449,-0.0350624,14,1
70.433,-0.0198799,7,1
50.4672,-0.0169345,9,1
22.1177,-0.0120829,3,1
24.6652,-0.0172978,1,1
141.705,-0.016725,11,1
129.828,0.159151,17,1
112.907,-0.0211913,21,1
119.74,-0.0953965,18,1
127.559,-0.0256947,21,1
128.405,0.0159136,12,1
143.049,0.0282077,28,1
109.624,0.044945,26,1
60.2556,0.0107874,16,1
122.86,-0.00775856,15,1
152.026,0.00320563,15,1
142.571,0.0165688,11,1
98.6755,0.0131028,9,1
126.262,0.00464033,6,1
144.752,-0.00971413,2,1
91.9083,-0.01379,6,1
144.133,-0.0229458,6,1
111.944,0.0463871,16,1
113.998,-0.0143043,18,1
152.919,-0.0138318,3,1
134.225,0.0491066,20,1
143.13,-0.028505,16,1
130.706,-0.00397162,13,1
93.8395,0.025961,27,1
86.0334,-0.0484708,12,1
102.747,-0.057303,5,1
128.497,-0.0535871,21,1
148.723,-0.00631576,9,1
139.748,0.0216768,12,1
93.7462,0.0675041,7,1
131.863,0.0271153,25,1
140.776,0.00648902,37,1
115.391,0.00832475,14,1
110.601,0.0203622,12,1
140.324,0.00566516,26,1
115.514,-0.00910361,31,1
72.4817,-0.0190014,14,1
134.483,-0.012305,14,1
103.311,0.00939391,27,1
107.8,0.0278489,21,1
161.228,-0.0154547,19,1
133.818,-0.0247165,16,1
115.477,-0.0135843,24,1
134.222,0.0174572,18,1
89.0597,0.0118151,22,1
137.84,-0.00272143,20,1
97.8978,-0.00171229,16,1
128.452,-0.00229498,17,1
89.1389,-0.00873139,15,1
103.661,-0.0462156,20,1
137.375,-0.0353122,16,1
92.4919,0.0625149,21,1
115.149,0.0151641,22,1
103.936,-0.0351186,35,1
82.6583,-0.0480536,36,1
119.868,-0.0421627,14,1
157.971,0.0113829,25,1
123.025,0.0248614,1,1
97.2807,0.0663388,24,1
95.135,0.00877144,29,1
128.888,-0.0316955,31,1
157.376,-0.0115463,20,1
139.93,0.0334005,24,1
92.7649,0.0501549,30,1
115.596,0.0279516,10,1
92.7239,-0.0576156,42,1
105.755,-0.0944432,33,1
133.92,-0.0682367,15,1
139.574,-0.0198485,20,1
152.006,0.00557905,11,1
136.625,0.0513066,23,1
136.787,0.0404566,29,1
119.795,-0.00715509,35,1
71.1818,-0.0673575,24,1
91.9668,-0.0677089,29,1
83.85,-0.0296365,15,1
90.4942,-0.0153782,32,1
54.2566,-0.0182876,31,1
113.238,0.00121697,13,1
120.469,0.0124568,25,1
117.962,0.00665085,42,1
109.867,-0.0060391,24,1
129.851,0.00330054,4,1
98.3408,0.00314776,35,1
145.035,-0.0072426,27,1
95.2342,0.0271463,17,1
89.98,0.0365039,36,1
117.046,-0.0353328,24,1
59.0178,-0.00674827,32,1
100.393,-0.0338251,25,1
139.014,-0.00697911,25,1
123.733,0.0434973,28,1
54.6912,0.00706377,27,1
115.679,-0.0311965,23,1
46.7861,-0.00870502,36,1
95.4794,0.00069086,24,1
79.1064,-0.0293774,15,1
122.84,-0.00623289,28,1
127.036,0.0688736,25,1
97.5059,0.0756101,25,1
134.368,0.0452535,3,1
77.2035,0.0239033,45,1
106.954,-0.0950063,24,1
122.909,-0.0649617,35,1
164.577,0.0441879,17,1
104.097,0.0757491,34,1
139.996,-0.0268904,12,1
117.099,-0.0126075,24,1
117.909,0.00148917,8,1
114.864,0.00910107,22,1
111.613,-0.00939666,32,1
132.433,-0.011559,2,1
155.014,-0.0136379,13,1
138.229,0.0100999,24,1
117.325,0.021526,19,1
61.6451,-0.0169027,25,1
73.9375,-0.0209795,15,1
145.269,-0.0187687,9,1
97.5501,0.000143886,10,1
113.512,0.000143886,2,1
163.807,-0.00850723,11,1
90.5297,-0.0034748,10,1
69.6146,-0.00244456,6,1
97.9303,-0.00296011,2,1
64.1292,-0.0158339,8,1
97.6792,-0.056092,11,1
136.046,-0.0559135,8,1
139.7,-0.0146428,3,1
111.362,0.0802519,19,1
139.525,0.0366497,13,1
124.339,0.0469945,12,1
134.705,-0.0554708,18,1
120.703,0.0398001,17,1
153.548,0.00900661,14,1
129.646,0.0163994,14,1
94.8636,-0.0338839,27,1
80.9741,-0.0725831,26,1
60.6148,-0.0644153,24,1
130.236,-0.0643415,12,1
92.9238,-0.0151306,24,1
89.5792,0.00413122,27,1
93.1796,0.00995096,18,1
70.81,0.0213251,9,1
129.43,0.0108244,9,1
139.667,0.0624385,14,1
106.308,0.0839903,8,1
103.308,0.0336533,15,1
120.869,0.00744349,14,1
104.235,0.0146503,17,1
146.171,0.0011212,11,1
132.94,-0.000886009,8,1
123.36,-0.0264429,16,1
117.661,0.0208846,10,1
142.451,0.0826859,15,1
107.757,-0.0126517,21,1
126.736,-0.0514265,19,1
164.35,-0.0309444,14,1
144.688,0.0233424,20,1
133.628,0.0641593,23,1
117.531,0.0124684,26,1
87.652,-0.00972307,10,1
104.243,-0.036931,25,1
119.345,-0.0497133,29,1
119.51,-0.0354371,23,1
117.909,-0.00574107,15,1
114.838,0.0278864,23,1
111.448,0.0236413,14,1
124.056,0.00455351,24,1
123.875,0.000738659,23,1
123.205,0.00415911,13,1
123.699,0.00935927,14,1
111.716,-0.000333832,9,1
95.121,-0.0264026,34,1
122.816,-0.025414,8,1
86.2579,-0.011319,18,1
5.04068,0.00133473,27,1
11.3717,-0.166911,41,1
18.6092,-0.289643,29,1
0.544922,-0.101626,26,1
12.0194,-0.0376819,28,1
16.562,-0.0149851,14,1
11.3025,-0.00615149,30,1
1.66125,-0.00648004,9,1
18.8949,-0.00524368,22,1
0.160217,0.00367319,25,1
1.3508,-0.00235359,25,1
6.60669,-0.00256575,21,1
8.19339,-0.00254031,27,1
0.697296,-0.00506147,6,1
5.61719,-0.00502377,12,1
15.4901,0.00260449,29,1
1.06995,-0.00305944,28,1
10.8038,-0.00452327,28,1
0.81778,0.000126982,28,1
11.4609,-0.00464115,13,1
18.1332,0.00342188,35,1
0.189728,0.0104979,27,1
10.1791,-0.00532091,19,1
1.21335,0.000805306,26,1
9.91507,-0.00322481,24,1
12.916,-0.00392204,27,1
5.35599,0.00253758,2,1
13.9531,0.00796612,23,1
1.2608,0.00606455,26,1
11.3254,0.0038749,20,1
12.183,-0.000982735,17,1
11.1671,-0.0127651,27,1
1.45901,-0.0036298,30,1
3.96017,0.00116009,21,1
1.16434,-0.00178532,17,1
3.92755,0.000781822,24,1
11.9377,0.00113601,18,1
1.02487,0.00479131,9,1
1.14566,0.00108502,9,1
1.03918,-0.000676508,3,1
0.82428,-0.00228525,9,1
0.877625,0.00274706,12,1
17.6054,0.000844801,29,1
17.6054,0.000358803,1,1
0.204254,-0.00163701,29,1
0.915283,0.0025274,21,1
7.89655,0.0088409,34,1
11.8162,-0.00242503,15,1
17.083,0.00465677,27,1
14.988,0.0032377,27,1
13.4901,0.00168112,3,1
0.825165,-0.00133656,10,1
0.745392,-0.00183924,21,1
6.75552,-0.00527921,39,1
15.3002,-0.00135114,18,1
0.819458,0.00101476,25,1
9.0126,-0.000799679,6,1
2.0354,-0.00511418,26,1
1.23904,0.00469521,17,1
4.0094,0.00208173,24,1
0.94873,0.00378401,12,1
9.00409,0.00555271,23,1
15.4742,0.0020813,25,1
0.650696,0.00529049,17,1
0.999084,0.00242608,12,1
1.24576,-0.0112965,21,1
1.12692,-0.00885233,27,1
8.02533,-0.000520356,26,1
8.1077,-0.000597835,31,1
11.7467,0.00380313,25,1
1.14221,0.0037804,9,1
0.295685,0.00111934,29,1
0.69342,-0.00364055,35,1
9.27444,-0.00446217,20,1
1.09943,-0.00242615,37,1
11.6703,-0.00311431,16,1
0.428162,-0.00242716,22,1
7.66171,0.00306006,32,1
0.414215,0.00275536,24,1
17.4246,0.00531134,18,1
3.2594,0.00903469,28,1
1.25003,-0.00153279,24,1
0.759247,-0.00199748,29,1
0.763947,-0.0127252,28,1
11.0705,0.00566596,29,1
9.12891,0.0104185,24,1
13.5816,-0.00298082,25,1
10.4871,-0.0044587,27,1
10.9387,0.00442526,27,1
10.6765,0.003978,27,1
10.2287,0.00255903,15,1
10.0345,0.000749997,35,1
10.4758,0.00023709,17,1
10.2036,0.000188824,33,1
10.8667,0.000312844,12,1
11.0388,0.000647243,28,1
10.9662,0.000335975,29,1
10.7426,0.000484169,26,1
11.0384,2.61852e-05,45,1
10.7844,-0.000524474,15,1
10.957,-0.000173667,14,1
10.5737,1.13764e-07,17,1
10.2865,5.53297e-05,53,1
11.2737,4.16538e-06,47,1
10.5918,-7.84758e-05,21,1
10.4068,2.47353e-05,42,1
10.5614,7.71886e-05,59,1
10.5282,-9.06488e-06,33,1
10.9223,-0.000237596,21,1
10.2917,-7.40865e-05,55,1
11.2126,-0.000116323,25,1
11.4156,0.000257225,42,1
10.7541,0.000503045,33,1
11.2079,0.000128301,36,1
10.6863,-4.20602e-05,28,1
10.3777,-0.000149927,9,1
10.3732,-0.000210224,44,1
10.2122,-0.000304488,26,1
10.8904,-0.000109004,15,1
10.4155,0.000575473,62,1
10.8883,0.000411405,10,1
10.4156,-0.00012097,36,1
11.047,-2.75537e-05,46,1
10.614,0.000207887,3,1
10.493,-0.000147532,52,1
10.5374,-0.000472474,21,1
10.4196,7.8392e-05,29,1
10.8925,-6.01694e-05,41,1
11.0596,-0.000163277,7,1
10.4826,-6.66617e-05,21,1
10.5462,0.000159197,45,1
11.4801,0.000269019,10,1
10.2495,0.000372995,49,1
10.585,0.00012365,25,1
10.9913,-7.60533e-05,28,1
10.2789,-0.000200964,34,1
10.2789,-0.000231353,4,1
10.814,-0.00027212,18,1
10.3266,-5.64349e-05,43,1
11.2059,-0.000247471,17,1
10.9164,2.68458e-05,45,1
10.0085,0.000298895,36,1
10.2874,-0.000328992,12,1
10.2874,-0.000370831,25,1
11.0632,-0.000515514,20,1
10.3868,0.000222592,29,1
10.3687,0.000224146,58,1
10.6156,-0.000239888,9,1
11.4576,0.000286446,30,1
10.8934,0.000653588,40,1
11.4249,0.000404218,10,1
10.6014,-0.000357445,27,1
11.0792,-0.000411629,27,1
10.9557,-0.0003571,4,1
10.7163,0.000192536,44,1
10.9135,0.000463258,25,1
10.7483,5.20793e-06,29,1
11.13,-0.000353991,33,1
10.3219,-0.000345398,20,1
11.0656,-3.36233e-05,39,1
10.5177,0.000198476,19,1
11.0909,0.000232799,17,1
10.6476,0.000314163,44,1
10.814,0.000222911,21,1
10.3687,-0.00033311,29,1
10.7364,-0.000269336,35,1
10.2943,-0.000138663,29,1
10.7905,0.000133198,39,1
11.0238,0.000124768,13,1
10.4155,-0.00035595,21,1
10.9064,-0.000202856,59,1
10.8717,0.000321987,19,1
10.9506,0.000104708,37,1
10.5854,0.000359551,24,1
11.1732,8.10822e-05,34,1
10.9052,-0.000120112,1,1
11.1182,1.90342e-05,26,1
11.2052,0.000303603,33,1
10.9462,-0.000520722,43,1
10.6519,-0.000356195,14,1
10.8465,-0.000258099,8,1
11.0246,4.21049e-06,29,1
11.2943,9.31864e-05,30,1
10.9454,0.000115332,33,1
10.8537,0.000171169,43,1
10.3456,1.37023e-05,24,1
10.7471,-0.000240688,12,1
10.2118,-0.000343051,38,1
10.3827,-9.47427e-05,37,1
10.7827,0.000224574,39,1
10.5351,0.000313301,25,1
10.1649,1.83501e-05,27,1
10.7125,-0.000254199,35,1
10.2939,-0.000354375,27,1
11.0748,-0.000151847,44,1
11.0599,0.000174842,28,1
10.881,4.03114e-05,30,1
10.4063,-0.000396045,44,1
10.9527,-9.84387e-05,33,1
10.2379,2.87026e-05,12,1
10.3965,0.000148785,34,1
10.0879,-1.73708e-05,31,1
10.7444,-9.36135e-05,45,1
10.9625,0.000203069,17,1
10.7825,0.000382609,34,1
10.6325,-0.000149109,31,1
10.6116,-0.000100255,28,1
10.6934,0.000144243,8,1
11.0958,0.000367535,50,1
10.8139,0.000261522,19,1
10.5401,3.09167e-05,49,1
10.5324,-0.000265151,29,1
10.5273,-0.00019808,7,1
10.0625,1.8154e-05,34,1
10.2094,0.00011329,33,1
10.619,-0.000314823,36,1
11.0782,-0.000126325,28,1
11.168,0.000355264,36,1
10.9332,0.000217294,5,1
114.594,0.00704565,18,1
1383.53,0.551238,1,1
1379.04,0.523617,17,1
1369.42,0.188796,17,1
1375.96,0.025592,13,1
1424,0.0979851,14,1
1468.33,0.12747,9,1
1470.05,0.112427,12,1
1486.13,0.102277,2,1
1510.42,0.109927,8,1
1541.74,0.176188,13,1
1531.97,0.164009,10,1
1523.86,0.0168062,16,1
1460.52,-0.0426225,26,1
1419.26,-0.077838,21,1
1403.28,-0.174255,15,1
1418.08,-0.184792,11,1
1445.33,-0.0110429,12,1
1439.19,0.0333755,11,1
1466.54,0.0471277,9,1
1448.44,0.0509703,17,1
1460.53,0.0172704,9,1
1457.32,0.0219206,12,1
1458.24,0.0339857,16,1
1453.67,0.0374731,16,1
1372.98,-0.0414301,17,1
1260.79,-0.30073,25,1
1286.11,-0.290069,12,1
1291.68,-0.153951,17,1
1215.38,-0.0825537,25,1
1199.79,-0.14678,12,1
1226.38,-0.125831,14,1
1276.92,-0.0153925,5,1
1302.54,0.144372,10,1
1324.41,0.196937,11,1
1277.04,0.0341637,16,1
1359.06,0.0151181,6,1
1401.75,0.0486648,7,1
1395.16,0.115561,18,1
1354.06,0.101573,27,1
1347.37,-0.0268628,13,1
1399.1,-0.0736507,17,1
1413.14,0.0713427,16,1
1425.81,0.0833906,2,1
1369.84,0.101264,22,1
1407.59,0.0346103,12,1
1409.15,-0.00376329,23,1
1338.51,0.00850887,5,1
1437.48,0.0430058,11,1
1454.44,0.0466575,19,1
1417.36,0.0481273,15,1
1409.32,-0.0179954,11,1
1354.58,-0.0863859,26,1
1300.03,-0.222426,25,1
1290.09,-0.221784,6,1
1248.34,-0.254917,15,1
1256.44,-0.189246,27,1
1267.47,-0.0731134,12,1
1348.68,0.0475852,10,1
1340.25,0.0837634,2,1
1393.53,0.107958,19,1
1433.58,0.248328,8,1
1403.96,0.157634,14,1
1367.07,-0.024149,26,1
1330.54,-0.083559,24,1
1310.22,-0.16278,31,1
1313.36,-0.179333,11,1
1289.15,-0.0172849,18,1
1246.72,-0.114568,35,1
1236.64,-0.172143,5,1
1174.68,-0.171328,25,1
1186.51,-0.112197,23,1
1185.64,-0.0531472,23,1
1211.21,-0.0420791,2,1
1228.15,-0.00432592,12,1
1286.94,0.0278232,12,1
1265.31,0.110417,13,1
1227.65,0.115105,9,1
1304.98,0.0145614,12,1
1273.58,0.038903,22,1
1273.59,0.0177735,12,1
1333.89,-0.00182763,9,1
1280.08,0.0973984,20,1
1343.72,0.0463819,6,1
1396.22,0.112263,17,1
1343.57,0.143521,29,1
1354.56,0.118241,8,1
1289.21,0.0313667,21,1
1267.38,-0.073099,13,1
1208.38,-0.15364,26,1
1191.8,-0.145779,23,1
1177.42,-0.140589,17,1
1251.28,-0.116471,11,1
1228.26,-0.080328,12,1
1280.92,-0.0491118,3,1
1323.19,0.0218687,6,1
146.975,-0.0982807,138,1
139.233,-0.530643,58,1
145.939,-0.794893,8,1
102.274,-1.53625,31,1
108.406,-1.1639,11,1
143.369,-0.769593,25,1
114.707,-0.288929,25,1
131.418,-0.20801,14,1
154.306,-0.118984,36,1
140.711,-0.0467179,19,1
97.5328,-0.0253726,4,1
145.886,-0.010024,26,1
131.733,-0.0178543,32,1
86.2637,-0.0318738,24,1
112.93,-0.0489818,19,1
111.696,-0.027145,21,1
147.965,-0.0064401,28,1
49.5344,0.00533811,34,1
140.279,-0.039929,12,1
79.0472,-0.0222401,13,1
164.73,-0.00917317,11,1
127.472,0.0278216,21,1
93.2655,0.00964876,27,1
79.1815,-0.0453532,4,1
45.6935,-0.0448889,23,1
114.185,-0.0236051,2,1
10.4547,0.00276668,4,1
120.745,0.0670778,10,1
120.339,0.187679,17,1
166.573,0.0823925,8,1
178.774,0.0939871,17,1
62.0126,0.00155106,43,1
111.801,-0.180541,21,1
134.465,-0.0959274,11,1
120.284,0.0665044,23,1
98.8246,-0.0673913,22,1
153.367,-0.0468471,6,1
132.155,0.0824861,20,1
166.325,0.0212327,15,1
96.1046,0.0203796,43,1
78.2513,-0.0479471,23,1
101.032,-0.0449755,15,1
111.614,-0.046416,24,1
60.0246,-0.0389306,10,1
146.282,-0.0305001,26,1
136.029,-0.00103658,11,1
120.694,0.0676874,15,1
127.314,0.060949,14,1
125.407,0.0199422,13,1
124.321,0.0175758,12,1
112.804,0.0160602,12,1
136.231,0.014189,12,1
145.032,0.0471743,5,1
124.947,0.0392695,26,1
67.7565,-0.085784,27,1
104.438,-0.0790949,12,1
72.5359,-0.0259975,19,1
120.762,-0.0210006,13,1
84.6924,-0.00746281,19,1
129.465,0.0179847,6,1
130.278,0.0196813,1,1
84.0078,0.0251647,19,1
138.085,-0.00645871,14,1
156.858,-0.0406307,17,1
114.241,0.0327054,24,1
116.102,0.00778656,15,1
48.3918,-0.0145385,23,1
159.959,-0.0138904,2,1
146.535,0.017929,8,1
122.356,0.0966307,22,1
112.729,-0.0681527,14,1
128.11,-0.0937958,6,1
132.929,0.0283934,16,1
94.8686,0.0125597,26,1
136.13,-0.0464179,13,1
105.868,0.0394886,29,1
118.512,-0.079363,18,1
146.848,-0.0227909,7,1
155.159,0.0887032,11,1
142.343,0.0665895,16,1
104.512,-0.0861901,22,1
154.767,-0.0981212,13,1
135.039,0.0127487,31,1
110.22,0.0161243,21,1
54.4337,-0.00140173,27,1
164.258,-0.013873,5,1
156.033,0.0239882,25,1
128.325,0.0425081,21,1
0.207703,0.00153396,1,0
490.848,0.000884091,2,0
490.856,-0.000395132,8,0
490.357,0.000194835,8,0
491.329,-0.000582277,6,0
491.563,0.00034274,13,0
491.033,0.000905239,7,0
493.859,0.000481009,6,0
493.525,-8.19666e-05,8,0
491.45,-0.000544319,10,0
491.021,-0.000822211,15,0
491,-0.000483407,7,0
490.473,-0.000534435,3,0
491.253,-0.000305213,12,0
490.502,0.000243477,6,0
491.573,-0.000278596,9,0
490.497,-0.000493727,8,0
491.479,0.000655801,7,0
491.508,0.000891216,8,0
491.581,-0.000265293,11,0
490.635,-0.00186131,10,0
490.959,-0.000849475,7,0
490.92,-0.000681514,1,0
490.507,-1.71715e-05,3,0
490.668,0.000625262,10,0
491.321,0.000299501,4,0
491.398,-6.49125e-05,8,0
491.021,0.000342886,10,0
490.367,-0.00100677,9,0
491.509,0.000281436,12,0
490.835,-0.000253856,10,0
490.859,-0.000431426,9,0
490.411,0.00027464,7,0
490.67,0.000341257,11,0
491.24,-0.00041004,6,0
490.781,0.00122442,4,0
490.958,0.000870878,7,0
491.033,-0.00115444,5,0
491.111,-0.000698004,13,0
490.84,-0.000707515,8,0
491.074,0.000882626,9,0
491.327,0.00039858,6,0
491.287,0.000105364,5,0
490.351,-0.000754907,10,0
490.821,-0.000672191,6,0
491.175,0.000216439,14,0
494.431,0.000220213,1,0
490.807,0.000564858,9,0
490.563,-0.000734994,6,0
491.412,-0.000376126,5,0
490.666,0.000149372,7,0
490.545,-0.000339902,17,0
490.593,0.000348429,8,0
491.109,0.000117903,8,0
490.606,-0.000643002,14,0
492.419,0.000217242,8,0
491.225,0.000752714,5,0
490.692,-0.000406887,12,0
490.949,-0.000647488,5,0
490.998,0.000381079,6,0
490.357,0.000860348,5,0
491.217,0.000996149,5,0
490.601,-0.000120281,7,0
490.64,-0.000216363,14,0
490.618,-0.00101389,14,0
490.391,-7.2492e-05,9,0
490.814,0.00104844,2,0
490.773,0.00105854,10,0
491.525,0.000727493,4,0
490.894,0.000190562,8,0
490.41,-0.00209835,9,0
490.343,-7.79433e-05,5,0
490.763,-0.000132019,10,0
490.702,0.000591572,8,0
490.584,0.000593796,9,0
490.845,-0.00187583,10,0
491.106,0.000506639,16,0
491.001,0.000631031,7,0
492.141,-7.8804e-05,10,0
490.725,0.00046288,5,0
490.875,0.000657446,14,0
490.394,-0.000379873,18,0
490.716,-0.000703359,7,0
490.68,-0.00064416,18,0
491.03,0.000104896,5,0
490.856,-0.000175261,13,0
390.986,-0.0273415,10,0
391.497,-0.150051,6,0
391.347,-0.256908,8,0
390.696,-0.113437,6,0
390.535,-0.0570282,3,0
391.228,-0.0335928,7,0
390.412,-0.00805215,11,0
391.064,-0.00305705,11,0
391.316,-0.00155688,5,0
391.035,-0.00124123,3,0
390.496,2.8594e-05,5,0
390.944,-0.000408208,6,0
391.217,-0.000562282,14,0
390.49,0.000563195,8,0
391.642,-0.000892297,2,0
391.406,0.000424321,10,0
391.285,0.000506342,5,0
590.72,0.000415027,3,0
590.954,0.225956,12,0
590.606,0.35597,6,0
590.578,0.125778,19,0
590.336,0.0510327,6,0
591.612,0.0252704,10,0
590.807,0.0107958,10,0
590.257,0.00324654,10,0
591.201,0.000389547,12,0
590.711,-0.000169616,7,0
591.264,-0.000538419,10,0
591.837,0.000297193,6,0
591.216,-0.000103914,18,0
591.311,0.000455685,5,0
591.292,0.000492498,2,0
691.195,0.0979472,15,0
691.288,0.180779,9,0
690.657,0.0836971,13,0
690.94,0.0311356,8,0
691.013,0.00988497,7,0
690.535,0.00176292,8,0
690.625,-8.58757e-05,11,0
691.128,-2.57356e-05,6,0
691.156,0.000728207,5,0
691.344,-0.00015949,13,0
690.653,0.000302977,17,0
690.69,-4.89757e-05,8,0
791.307,-0.000155728,8,0
790.243,0.155454,8,0
790.74,0.182598,13,0
790.857,0.0480071,11,0
790.287,0.0140062,8,0
790.577,0.003445,3,0
790.925,0.000825855,17,0
791.05,0.000636958,5,0
790.604,0.00159498,13,0
790.44,-0.0017178,10,0
790.582,0.000572979,12,0
791.335,0.000650584,10,0
790.268,-0.000439673,11,0
790.549,-0.000403268,3,0
791.009,-0.000294063,10,0
591.096,-0.128876,22,0
590.79,-0.53522,9,0
592.918,-0.232477,8,0
590.571,-0.0812059,7,0
590.928,-0.0169991,9,0
590.391,-0.00827935,16,0
590.718,-0.0016992,12,0
590.673,-0.00052772,8,0
590.754,-7.05637e-05,9,0
591.139,-0.000730443,11,0
590.572,-0.000231183,11,0
591.099,0.000338282,10,0
591.394,0.000172013,18,0
491.076,-0.127118,15,0
490.188,-0.245889,11,0
490.237,-0.0730234,5,0
491.198,-0.0350509,6,0
490.257,-0.00803581,10,0
491.392,-0.00217452,14,0
490.679,-0.000833326,5,0
491.279,-1.59351e-05,10,0
491.355,-7.23608e-05,6,0
490.833,0.000330405,14,0
490.384,-3.43302e-05,4,0
492.563,-0.000113028,2,0
491.268,1.74781e-05,12,0
490.758,-0.00021118,10,0
390.973,-0.0763525,14,0
390.637,-0.288509,11,0
390.576,-0.0994442,8,0
390.242,-0.0342973,7,0
390.946,-0.00932843,9,0
391.298,-0.00258231,15,0
391.13,-1.56707e-05,6,0
390.658,4.72864e-05,7,0
390.812,-1.77898e-05,8,0
390.655,-0.000586804,12,0
390.671,-0.000143027,4,0
290.789,-0.0188018,15,0
291.31,-0.261635,8,0
291.189,-0.148865,8,0
290.232,-0.0534407,9,0
290.597,-0.0227883,6,0
290.563,-0.00765954,7,0
291.127,-0.00350864,4,0
290.913,-0.00066364,10,0
290.864,-0.000609482,11,0
290.902,0.000898988,7,0
290.546,-0.000394071,15,0
290.35,-0.000928295,8,0
591.267,-1.88111e-06,7,0
590.479,0.189213,6,0
590.916,0.667652,16,0
590.748,0.257713,9,0
592.086,0.125913,4,0
590.443,0.0474374,13,0
590.738,0.0119543,13,0
590.561,0.00452219,2,0
590.289,0.00210252,16,0
591.22,0.00105553,10,0
590.185,-6.31586e-05,15,0
590.63,-0.000110126,13,0
790.377,0.100429,3,0
790.442,0.386763,8,0
790.472,0.215561,10,0
790.533,0.0728062,7,0
790.663,0.0378209,7,0
90.6369,-12.4973,94,0
95.0715,-176.688,18,0
90.9803,-86.9147,5,0
90.9572,-11.3087,8,0
90.9373,-4.41833,9,0
90.9208,-1.59975,7,0
91.0585,-0.798855,9,0
90.7445,-0.291006,9,0
91.0241,-0.238075,1,0
90.745,-0.0997123,10,0
90.1088,-0.0316655,12,0
91.0825,-0.012316,7,0
91.1013,-0.00258203,14,0
90.523,-0.00176676,2,0
590.914,0.257986,7,0
590.633,0.511295,6,0
590.498,0.304666,13,0
590.144,0.0996548,16,0
591.571,0.0679581,3,0
591.05,0.0202829,12,0
590.368,0.00463401,9,0
590.927,0.0028172,10,0
590.799,7.67258e-05,10,0
591.268,-0.000117708,8,0
590.754,-0.000325664,9,0
591.086,-7.4778e-05,9,0
590.746,0.000427652,6,0
591.052,-0.000189241,5,0
590.503,-0.000154806,16,0
591.077,-0.00072524,15,0
590.895,0.000365756,14,0
590.472,-0.000266928,9,0
591.349,0.000226404,11,0
590.341,1.12091e-05,9,0
590.637,7.78744e-05,11,0
590.907,-0.00104784,7,0
592.612,-6.70681e-05,7,0
590.537,0.00111888,5,0
591.152,0.000336579,12,0
591.043,5.75448e-06,16,0
590.986,-0.000557513,8,0
590.249,6.47695e-05,10,0
591.252,0.000543856,9,0
590.773,-0.000267131,10,0
591.405,0.000742444,5,0
591.583,0.000588006,5,0
590.721,-0.000435771,9,0
590.925,-0.000618653,11,0
590.999,-1.63158e-05,7,0
590.98,0.000454397,4,0
591.257,0.000157606,10,0
590.517,0.000285036,12,0
590.561,0.00104756,12,0
590.615,0.0018373,10,0
591.409,0.00133773,11,0
590.429,-0.000174386,12,0
591.297,-0.000281389,11,0
590.579,-0.000568523,9,0
590.414,-0.00130376,5,0
590.529,0.000126599,8,0
590.543,8.42977e-05,4,0
591.093,-0.000391371,5,0
590.711,0.000622037,2,0
591.019,0.000916519,5,0
590.575,0.000494459,2,0
590.912,0.000364688,1,0
591.21,-3.46001e-05,10,0
590.419,-0.00189445,3,0
593.323,-0.00224759,1,0
591.602,-2.58435e-05,5,0
591.074,0.000537429,4,0
591.32,0.00125846,3,0
590.864,0.000827217,3,0
590.962,-0.000915919,4,0
591.163,-0.000191304,4,0
591.392,0.000686365,4,0
590.515,0.000639185,4,0
590.452,0.00104418,5,0
591.258,0.000111767,10,0
590.38,-0.00124898,2,0
590.344,-0.000360743,5,0
590.908,0.000127199,6,0
590.211,-5.3797e-05,5,0
593.898,-0.000708961,4,0
591.029,0.000503699,4,0
591.284,0.000235804,12,0
591.097,0.000979072,4,0
591.034,-0.000643189,3,0
590.552,0.000414936,2,0
590.233,0.00128135,5,0
591.402,0.000520982,10,0
590.469,-0.0010351,6,0
590.747,-0.000854892,22,0
590.796,-0.000746874,6,0
590.263,-0.000641836,25,0
591.998,-0.00049612,12,0
591.597,7.24278e-06,9,0
590.826,0.000432003,25,0
591.488,0.000487752,22,0
591.291,0.000126505,21,0
591.507,-0.00049254,38,0
591.399,-0.000395519,19,0
592.569,-4.10942e-05,14,0
590.842,0.000451038,21,0
591.094,0.000281967,50,0
590.778,-0.000367352,13,0
591.27,-0.000456088,23,0
591.151,-4.66972e-05,25,0
590.787,-3.47016e-05,1,0
591.369,0.00010862,16,0
590.906,2.58372e-05,26,0
590.69,-0.000102771,17,0
591.168,2.80378e-05,23,0
591.068,0.000125163,12,0
591.362,-0.000310011,25,0
590.966,0.000261716,18,0
590.985,0.000108348,30,0
590.642,-0.000213201,28,0
590.37,-0.000353673,29,0
590.814,0.000166341,16,0
590.918,-0.000486927,30,0
590.911,-0.00022584,26,0
591.209,0.00013463,10,0
590.689,0.000337389,21,0
591.211,8.05634e-05,25,0
590.953,-0.000102496,11,0
590.875,0.000488751,29,0
590.3,4.33229e-05,21,0
590.833,-0.000340727,7,0
590.669,-1.47663e-05,21,0
590.597,0.000297808,14,0
590.933,0.000163543,18,0
591.547,6.18318e-05,3,0
590.523,-0.000475389,31,0
591.499,-0.000339188,16,0
591.271,0.000196874,26,0
591.031,0.000221584,16,0
590.651,-5.02741e-06,33,0
590.983,-0.000176141,27,0
590.709,-0.000180237,7,0
590.43,-0.000133115,31,0
590.463,-8.02812e-05,28,0
590.601,5.11588e-05,35,0
590.99,0.000400277,23,0
591.365,8.22693e-06,25,0
591.552,0.000220607,19,0
591.552,0.000248134,2,0
590.572,0.000193657,26,0
591.433,-0.000433077,35,0
590.477,-0.000484898,29,0
591.014,1.40067e-05,21,0
590.661,0.000531532,14,0
590.636,0.000607386,16,0
590.297,0.000132458,32,0
591.28,-0.00022549,28,0
591.029,-0.000474444,11,0
591.483,-0.000274054,19,0
591.218,-8.56564e-05,21,0
591.479,0.00019815,35,0
590.835,0.000203679,15,0
591.439,5.16904e-06,18,0
590.786,1.83043e-05,18,0
591.214,0.000160203,31,0
590.607,0.000414215,29,0
590.961,-6.32041e-05,36,0
591.573,-0.000388313,27,0
590.863,-0.000550633,21,0
591.713,-0.000339208,6,0
591.197,0.00019312,48,0
591.262,0.000262793,15,0
590.234,0.000391124,22,0
591.085,-0.000216615,22,0
590.684,-0.000440777,28,0
590.396,-0.000398119,13,0
591.064,-0.000371986,20,0
590.701,6.11901e-05,26,0
591.041,0.000322366,31,0
591.201,1.74292e-05,37,0
590.634,-0.000199953,21,0
590.923,-0.000221729,6,0
591.482,0.000257573,27,0
591.271,5.73377e-05,34,0
590.738,-0.00015194,44,0
590.211,-0.000127909,12,0
590.786,-0.000322497,17,0
591.31,8.79288e-05,35,0
590.603,0.00080336,25,0
590.603,0.000829506,3,0
590.736,0.00045464,41,0
591.331,-0.000670273,28,0
590.611,-0.000428062,2,0
590.319,-0.000166276,45,0
591.154,-0.000355954,5,0
591.122,-0.000555217,25,0
590.761,-2.45137e-05,15,0
590.75,0.000686512,20,0
590.433,-0.000147636,10,0
590.951,-0.000298997,6,0
591.148,-0.000358631,25,0
590.511,0.000546069,12,0
590.418,-0.000135581,25,0
591.126,-4.74909e-05,20,0
591.084,2.17577e-05,3,0
590.571,0.000125781,21,0
590.764,-5.94956e-05,11,0
591.583,-0.000384037,12,0
594.251,-0.000149299,1,0
590.115,0.00105315,19,0
590.631,-0.000922688,8,0
591.355,-0.000509603,11,0
590.325,0.000113827,5,0
590.17,-0.000342354,4,0
590.758,-0.000380962,6,0
590.95,0.000389022,10,0
591.022,-0.000228607,4,0
591.741,-0.000157875,5,0
590.514,-0.000296191,7,0
591.416,-0.000121095,2,0
590.324,0.000214606,11,0
590.706,8.32382e-05,15,0
591.079,-0.000116238,15,0
590.997,-0.000216626,16,0
590.675,0.000385617,15,0
592.253,0.00140754,11,0
590.716,7.76943e-05,14,0
590.309,-0.000317697,13,0
590.622,-0.000521275,14,0
590.282,-1.47075e-05,39,0
593.072,0.000398233,10,0
591.071,0.000344914,8,0
590.658,0.000646783,22,0
590.591,0.000867837,18,0
590.112,-0.000407228,18,0
591.075,-0.000341798,20,0
591.089,-0.000216055,9,0
591.277,-0.000383535,10,0
590.54,-1.24231e-05,16,0
590.627,-0.000419325,20,0
991.151,-0.000833847,11,0
990.901,0.295262,20,0
990.599,0.554435,14,0
991.024,0.617678,7,0
991.165,0.213722,20,0
990.767,0.0879521,7,0
990.447,0.0324126,21,0
991.032,0.0104464,18,0
991.046,0.00532893,7,0
990.801,0.00142219,17,0
990.851,0.000782604,19,0
990.689,0.000635498,11,0
990.648,7.51971e-05,8,0
990.99,-4.11366e-05,12,0
990.417,0.000223261,17,0
990.478,-3.49828e-05,14,0
991.44,-0.00049532,12,0
990.833,-0.000270306,8,0
990.269,0.0001722,12,0
991.018,0.000137249,16,0
990.152,-8.83365e-05,19,0
990.671,-0.000227483,10,0
991.435,0.000235178,10,0
990.809,0.000282983,12,0
990.844,-0.000149951,12,0
990.847,7.74685e-05,14,0
991.292,-0.000275452,15,0
990.958,-3.45564e-05,6,0
991.825,3.1819e-05,5,0
990.572,0.000190959,24,0
990.58,-0.00060159,14,0
990.168,6.73135e-05,11,0
990.216,3.74882e-05,22,0
991.435,-0.000248881,15,0
991.128,0.000716617,14,0
990.776,0.000683845,2,0
991.489,0.000220435,10,0
990.97,-7.50746e-05,16,0
990.879,8.04819e-05,7,0
990.696,2.25572e-05,25,0
991.261,-0.000139741,18,0
991.361,-0.000381276,9,0
990.841,-0.000286154,24,0
990.528,0.000354953,14,0
990.361,3.47775e-05,12,0
991.182,-0.000144933,3,0
991.431,-0.000256717,10,0
990.879,9.75043e-05,21,0
990.546,-2.01448e-05,26,0
990.528,-0.000312741,15,0
791.617,-0.228748,14,0
791.217,-0.447987,21,0
790.536,-0.419731,7,0
790.738,-0.136705,21,0
790.323,-0.0811305,8,0
790.259,-0.0230895,14,0
790.259,-0.0198748,2,0
790.739,-0.00689557,11,0
790.547,-0.00422223,20,0
790.78,-0.0015992,8,0
790.745,-0.0011613,11,0
791.22,-0.000684382,19,0
790.53,-0.000141964,12,0
790.405,0.00017454,2,0
790.996,0.000960834,9,0
791.121,0.000642155,15,0
790.484,-0.00031175,17,0
791.208,-0.000474366,9,0
791.132,-0.000321166,22,0
790.241,-0.000604309,16,0
790.636,-0.000147484,11,0
790.594,-0.000130759,1,0
790.708,0.000182928,16,0
790.757,5.10887e-05,13,0
871.043,0.0148682,10,0
871.019,0.122845,21,0
870.677,0.113007,18,0
871.496,0.0360545,18,0
871.523,0.0136484,13,0
871.35,0.00436315,19,0
871.018,0.00195807,8,0
871.095,0.000774375,18,0
170.575,-0.674975,122,0
170.555,-1.69801,23,0
170.772,-0.609498,5,0
170.892,-0.231026,6,0
171.272,-0.120341,17,0
170.345,-0.0721533,20,0
171.02,-0.0358038,20,0
170.717,-0.0148575,26,0
170.327,-0.0123336,17,0
171.173,-0.00309304,18,0
170.872,-0.00102238,9,0
170.466,-0.000968011,1,0
170.648,-0.000402986,3,0
171.363,-0.000163699,13,0
170.669,-0.000154691,13,0
170.469,-0.00014039,18,0
171.485,0.000220168,7,0
170.414,0.000304398,8,0
170.269,-0.000252579,4,0
171.268,-9.80564e-05,15,0
171.447,-4.3793e-05,12,0
170.945,4.92057e-05,11,0
172.798,0.000756326,9,0
170.755,7.91209e-05,20,0
170.956,-0.00081922,12,0
170.719,-0.000768831,16,0
170.928,-0.000245633,2,0
170.766,0.000684409,14,0
170.653,-0.00038878,20,0
170.877,-0.000391452,21,0
170.278,0.000106717,13,0
170.67,0.00100012,13,0
170.71,0.0011109,15,0
170.769,-0.00110008,18,0
171.331,-0.000627164,7,0
171.209,-0.000471747,12,0
171.171,-0.00046343,4,0
171.261,-0.000212626,12,0
170.28,0.000271293,14,0
171.254,0.000798387,8,0
170.8,0.000448819,26,0
170.648,-0.000677111,12,0
170.587,-0.000996042,6,0
171.112,-0.000192122,19,0
170.677,0.000133992,13,0
170.858,0.000232659,13,0
170.661,0.000197968,15,0
870.663,-7.29736e-05,7,0
870.674,0.215203,16,0
870.798,0.418867,16,0
870.931,1.08262,7,0
870.836,0.420344,11,0
870.778,0.170504,17,0
870.913,0.0675073,16,0
871.728,0.0236794,21,0
871.629,0.0177487,6,0
870.49,0.00681402,17,0
871.059,0.00264951,13,0
870.702,0.00123771,19,0
871.251,0.000210785,19,0
870.28,-2.36599e-05,26,0
871.081,0.000298446,17,0
870.401,-0.000127009,21,0
1070.67,-0.000346813,9,0
1071.03,0.247406,18,0
1070.94,0.326471,12,0
1071.72,0.10581,20,0
1070.32,0.0691487,9,0
1070.66,0.0213597,14,0
1071.13,0.00867584,21,0
1071.19,0.00259176,14,0
1070.57,0.000524746,16,0
1070.96,0.00015783,17,0
1071.41,0.000180961,7,0
1071.16,0.000242797,5,0
1071.17,0.000149563,14,0
1070.39,-0.000150267,12,0
1071.01,-0.000235979,4,0
1071.03,-0.000152879,10,0
1070.97,0.000485548,14,0
1070.79,0.000591326,1,0
1071.8,0.000349771,6,0
1070.93,0.000114915,10,0
1070.34,-4.01481e-05,12,0
1070.72,-0.000492243,14,0
1071.25,-0.000581605,25,0
1071.2,-0.000293146,10,0
1070.48,-0.000265188,8,0
1070.4,-0.000134383,16,0
1070.71,5.7914e-05,8,0
1070.61,4.17186e-05,6,0
1071.19,0.000285192,18,0
1071.45,0.0004244,10,0
1070.43,0.000103499,9,0
1070.53,-0.000147292,16,0
1070.74,-0.000331433,21,0
1071.03,0.000113992,24,0
1070.99,0.000745954,18,0
1071.47,-0.000192012,22,0
1070.14,-0.000405157,9,0
1070.82,0.000487972,15,0
1070.82,0.000484124,1,0
1070.45,-0.000847337,12,0
1071.17,2.90212e-05,20,0
1071.38,0.000543023,22,0
1070.8,0.000276538,10,0
1071.38,0.000304729,17,0
1071.04,0.000121352,15,0
1070.58,-0.000390052,15,0
1070.96,-0.000106804,20,0
1071.09,0.000744527,12,0
1070.27,0.0006275,2,0
1071.17,-0.000761823,12,0
1070.36,0.00110569,13,0
1070.4,9.54085e-05,10,0
1071.12,-0.00105518,33,0
1070.59,4.0581e-05,148,0
1070.73,1.75681e-05,27,0
1070.13,0.000239095,19,0
1071.06,-0.000285497,15,0
1070.65,-0.000154934,14,0
1071.15,0.000565705,20,0
1070.98,0.00170286,2,0
1070.68,0.000854394,17,0
1071.1,-0.00211084,12,0
1071,-0.000703956,5,0
1070.98,-0.000219076,14,0
1070.53,0.000796812,32,0
1070.78,0.000186011,8,0
1070.95,-0.000900467,13,0
1070.17,-4.06339e-05,17,0
1070.61,-0.000109478,7,0
1072.33,0.00051888,28,0
1070.48,0.000770392,8,0
1070.97,-1.22526e-06,19,0
1071.38,-0.000412918,25,0
1070.84,-9.97608e-05,5,0
1070.38,0.00018963,34,0
1070.86,0.000187457,15,0
1070.5,8.42845e-05,5,0
1070.87,-0.000397497,18,0
1071.06,-0.000208509,22,0
1071.47,3.79514e-05,22,0
1071.17,4.28471e-05,28,0
1070.58,0.000657831,20,0
1071.08,0.000108822,14,0
1071.13,-0.000690382,10,0
1070.43,-0.000436623,26,0
1071.06,-7.81607e-05,40,0
1070.6,-2.91269e-05,19,0
1070.12,9.30315e-05,13,0
1073.44,0.00013822,11,0
1070.74,0.000271139,12,0
1070.32,0.00028115,27,0
1070.91,-1.3456e-05,23,0
1070.63,-0.000147756,23,0
1070.83,-0.000454743,31,0
1070.67,-0.00022606,14,0
1070.88,0.000270057,16,0
1070.89,6.13396e-05,37,0
1070.61,-9.35334e-05,9,0
1070.66,-0.000117661,21,0
1071.38,-0.000158351,28,0
1070.78,0.000301673,32,0
1070.92,0.000333241,9,0
1071.22,1.05323e-05,14,0
1070.87,-0.000153296,12,0
1070.51,-9.68049e-05,33,0
1070.48,-4.12616e-05,20,0
1071.12,-5.78391e-05,18,0
1071.1,-9.15228e-05,21,0
1070.66,5.78546e-05,12,0
1070.64,-0.000299116,17,0
1070.91,-0.000348891,14,0
1071.07,-0.000214241,25,0
1070.58,0.000168117,27,0
1070.74,0.000110681,21,0
1070.93,-5.43424e-05,13,0
1070.48,-0.000141404,22,0
1072.97,-0.000137697,22,0
1070.75,0.000442058,26,0
1070.53,0.000168173,24,0
1071.37,-0.00085313,19,0
1070.48,-0.000161992,25,0
1070.75,6.65259e-05,23,0
1070.76,0.000524007,21,0
1070.25,0.000286805,22,0
1071.62,-0.000159221,11,0
1070.9,-0.000264897,22,0
1070.55,-0.000124375,9,0
1071.21,0.000127982,24,0
1070.7,0.00021704,24,0
1070.88,-4.80874e-06,29,0
1070.88,-7.2267e-05,1,0
1070.74,-0.000499723,24,0
1071.24,-0.000430223,24,0
1071.12,0.000418076,24,0
1070.57,0.000692755,11,0
1070.9,0.000536424,25,0
1070.75,-0.00029921,16,0
1070.65,0.000652437,28,0
1070.67,-0.000452893,27,0
1070.47,-0.000524882,20,0
771.379,-0.16237,65,0
770.387,-0.596713,11,0
772.101,-0.606789,12,0
770.462,-0.323664,17,0
770.482,-0.124609,24,0
771.184,-0.0574217,20,0
771.017,-0.0300922,21,0
770.739,-0.0115591,17,0
770.88,-0.00450745,20,0
771.209,-0.00380383,5,0
770.216,-0.00162584,10,0
770.884,-0.000206059,41,0
770.501,-0.000215405,3,0
771.153,-0.000459977,20,0
770.73,-0.000435107,16,0
771.516,-0.000175223,14,0
771.009,3.40069e-05,30,0
370.294,-0.590149,85,0
370.625,-0.710766,15,0
370.658,-0.413959,16,0
371.472,-0.194606,13,0
371.143,-0.0844531,22,0
370.351,-0.0323889,29,0
372.699,-0.0284214,8,0
370.917,-0.0155774,6,0
371.02,-0.00651864,20,0
371.108,-0.00424799,16,0
370.384,-0.00202468,26,0
370.792,-0.00109923,19,0
371.156,4.55458e-05,28,0
370.715,-0.000781606,24,0
371.112,-0.000309682,18,0
370.813,1.91448e-05,9,0
371.098,-6.40014e-05,20,0
370.544,-0.000198293,12,0
370.824,0.000378757,30,0
371.429,0.000327865,15,0
370.441,-0.000228931,28,0
370.739,-0.000113206,14,0
370.992,-0.000166304,33,0
370.851,-0.000128504,10,0
370.74,0.000299904,15,0
370.541,0.000101653,22,0
371.182,-0.00028157,38,0
370.436,-0.000367883,5,0
370.632,0.000275796,18,0
370.236,0.000972266,15,0
370.726,0.000414881,15,0
370.904,-0.00124574,12,0
370.859,0.000221932,20,0
370.971,0.000347908,6,0
371.105,-0.000756175,24,0
371.233,-0.000440038,6,0
370.947,-8.42144e-05,14,0
370.417,0.000241463,7,0
370.604,0.000316838,22,0
371.236,0.000170418,15,0
370.594,4.0424e-05,17,0
370.997,-0.000294215,10,0
370.571,-0.000202172,17,0
370.565,-6.38773e-05,22,0
371.261,0.000154294,21,0
370.499,5.97309e-05,9,0
370.617,1.60838e-05,2,0
370.753,4.73218e-05,12,0
370.639,-0.000188125,10,0
371.033,-0.000186193,14,0
370.741,-5.62232e-05,14,0
371.384,5.91716e-05,86,0
371.181,5.65046e-05,28,0
370.772,0.000167544,31,0
371.338,0.000160252,13,0
370.71,8.48655e-05,11,0
371.436,-0.000253464,36,0
370.607,0.00130429,30,0
370.719,0.00131264,10,0
371.393,0.000492237,15,0
370.299,-0.0006343,34,0
370.628,-0.000465415,4,0
370.697,-0.000648906,17,0
370.58,-0.000772506,18,0
371.178,-0.000118434,23,0
370.541,0.000424214,23,0
370.353,2.85916e-06,9,0
370.931,-0.000403362,21,0
370.743,-0.000309779,9,0
371.186,7.24759e-05,19,0
370.934,-0.000110926,19,0
370.568,-0.000257975,15,0
370.92,-0.000248087,20,0
370.796,0.000295317,23,0
370.688,6.36516e-05,21,0
370.644,-6.28791e-05,12,0
371.973,-3.81367e-05,8,0
371.535,0.00050133,18,0
371.109,0.000858066,14,0
371.448,0.000151439,11,0
370.616,-0.000421952,13,0
370.7,-0.000443728,13,0
371.627,-0.000430707,17,0
370.66,-2.33355e-07,15,0
370.808,-0.000106418,25,0
370.838,-0.000178707,6,0
371.163,0.000121424,19,0
371.02,0.000327061,15,0
371.176,0.000186193,23,0
371.111,-9.58236e-06,14,0
370.917,-5.11147e-05,23,0
370.998,-0.000269932,13,0
371.16,-0.000253008,8,0
370.831,-2.27557e-05,12,0
371.431,-0.000160825,12,0
371.243,-0.000333115,19,0
370.792,0.000157432,18,0
370.757,-4.84105e-05,20,0
371.084,7.05962e-06,18,0
390.144,0.0180779,21,0
390.541,0.0349688,23,0
390.654,0.0216996,19,0
390.478,0.00978414,18,0
390.432,0.00314384,34,0
390.36,0.00109579,16,0
390.36,0.000895604,3,0
391.003,0.000249066,26,0
391.095,0.000693913,26,0
390.471,0.00018307,23,0
391.397,-0.000492821,21,0
390.546,0.000136133,28,0
391.021,1.31992e-05,26,0
390.786,0.000330445,9,0
390.284,0.000317749,20,0
291.186,-0.0207583,21,0
291.026,-0.163755,34,0
292.739,-0.18285,10,0
290.695,-0.116492,14,0
290.742,-0.0391425,20,0
290.804,-0.0178792,23,0
290.619,-0.00790205,15,0
291.288,-0.00476388,9,0
290.453,-0.00139932,29,0
291.118,-0.00120948,4,0
290.639,-0.000657266,18,0
291.249,-0.000312832,24,0
291.159,0.000266925,19,0
291.083,-5.05811e-06,17,0
291.633,-0.000136273,19,0
290.888,0.000110829,18,0
291.206,0.000183034,19,0
291.328,-2.80531e-07,14,0
290.484,0.000131735,22,0
290.701,-0.000146316,3,0
290.875,-6.05479e-06,7,0
290.452,-0.000103969,8,0
290.657,-0.000201778,5,0
291.314,-8.85893e-05,8,0
291.196,4.21444e-05,8,0
290.918,0.000213552,15,0
290.643,0.000298101,10,0
290.911,-0.000874681,4,0
290.961,1.48541e-05,6,0
290.767,0.000539818,8,0
290.961,0.000693505,3,0
290.875,-0.000276009,4,0
290.799,-0.000998135,3,0
290.609,-0.000430194,12,0
290.404,-8.55873e-05,8,0
290.871,-0.000769964,2,0
291.401,0.00147654,8,0
290.904,0.000461477,7,0
291.112,-0.000608778,2,0
291.035,0.000948972,2,0
290.354,1.60105e-05,2,0
291.423,-0.000911719,3,0
291.135,0.000917794,2,0
291.089,0.00161335,4,0
291.466,0.00209569,5,0
290.866,0.000103642,2,0
291.318,-0.000235501,3,0
291.016,0.000378596,16,0
291.18,-0.000161046,13,0
290.361,-0.00114934,19,0
290.914,-0.000902872,15,0
290.739,-0.000632947,22,0
291.009,-0.000176337,15,0
290.549,-0.000514846,19,0
291.504,-0.000443663,12,0
291.109,-0.000409018,7,0
291.331,8.944e-05,24,0
291.151,9.39928e-05,26,0
290.796,-4.09701e-05,2,0
291.087,-0.000182589,13,0
291.127,-0.000284537,24,0
290.158,6.02698e-05,15,0
290.319,0.000455074,15,0
290.422,0.000170653,10,0
291.046,-0.00019859,13,0
290.696,-0.00015058,5,0
291.173,4.81903e-05,10,0
290.275,-9.42723e-06,13,0
290.902,-3.48608e-05,13,0
290.923,7.7662e-05,12,0
290.745,0.000101006,8,0
291.112,0.000147545,14,0
290.962,0.000139628,10,0
290.508,7.4366e-05,15,0
290.995,-0.000335091,12,0
290.63,-0.00034513,11,0
290.812,-1.62016e-05,19,0
290.675,0.00021944,12,0
290.374,3.78913e-05,11,0
291.463,-0.00072427,11,0
291.641,-0.00051684,1,0
290.339,1.96014e-06,14,0
291.285,-0.000188644,15,0
291.199,0.000195674,11,0
290.975,0.000413576,14,0
290.616,-0.000247526,29,0
290.339,-0.000197215,6,0
291.15,-0.000126691,10,0
291.01,-8.42497e-05,16,0
290.698,0.000166074,12,0
291.167,0.000224677,20,0
291.212,4.02614e-05,17,0
290.572,-9.65603e-05,9,0
290.78,-0.000280354,18,0
291.484,-0.000448037,27,0
291.153,0.000568669,17,0
291.153,0.000526665,3,0
290.67,4.78029e-05,21,0
290.693,-0.000354779,20,0
290.527,-0.000434117,14,0
291.036,2.39498e-05,11,0
291.038,0.000427735,13,0
291.393,0.000266286,13,0
291.466,0.000106485,14,0
290.766,3.08989e-05,22,0
290.255,7.37399e-05,10,0
590.838,-0.000252482,8,0
591.146,0.188507,26,0
590.26,0.297515,7,0
591.374,0.30866,18,0
590.584,0.144619,11,0
590.886,0.0603835,14,0
590.653,0.0280686,14,0
591.264,0.0108731,23,0
590.807,0.00524702,6,0
590.726,0.00202304,22,0
590.943,-0.000508163,18,0
590.509,-0.000405004,13,0
590.733,0.000220178,7,0
590.972,0.000597453,9,0
590.702,8.69609e-05,20,0
590.121,0.000239137,18,0
591.181,-0.000338342,11,0
591.021,-0.00105995,20,0
591.209,-7.98603e-05,8,0
590.811,0.000748577,13,0
590.575,6.07895e-05,15,0
590.232,0.000605706,12,0
590.979,-0.000326613,12,0
591.183,0.000253348,14,0
590.696,-0.000267765,16,0
591.415,-0.000159996,21,0
590.477,-0.000159809,2,0
591.365,-0.00013924,13,0
0.412964,0.001208,1,1
2.81628,5.93343e-05,3,1
1.06415,0.00137226,2,1
0.427338,0.00130726,2,1
1.14484,0.00122406,2,1
0.641785,-0.000811523,2,1
0.379272,0.00189574,2,1
1.07394,0.000309961,1,1
0.777679,0.000395969,1,1
1.11786,0.000844201,2,1
0.413635,0.000620374,2,1
0.957703,0.000157524,1,1
0.664337,0.00147576,2,1
0.200714,-9.30937e-05,3,1
0.564606,0.00153549,2,1
0.815308,0.00134735,1,1
2.19928,8.88157e-05,1,1
1.33401,-2.7468e-05,1,1
1.58383,0.000840657,2,1
1.2713,0.00147274,2,1
0.73877,-0.000701521,1,1
0.343872,0.000794488,2,1
1.54456,-0.000659287,1,1
1.05365,-0.00247912,1,1
70.8853,0.0815888,10,1
62.2562,0.119478,21,1
45.9001,0.111609,4,1
62.0067,0.0499201,20,1
58.2125,0.0116233,43,1
66.4673,-0.0158705,15,1
78.843,0.0246137,33,1
43.9275,0.00745054,42,1
44.8477,-0.0233135,28,1
76.2456,-0.00924934,24,1
39.3425,0.0149461,21,1
51.3243,-0.0339892,21,1
36.5307,-0.0109558,22,1
59.5865,-0.00890707,18,1
67.7263,0.00272653,15,1
31.8429,0.00286448,20,1
50.3647,-0.0126267,25,1
80.5981,-0.0113428,5,1
62.404,0.00413665,20,1
61.2436,0.00570567,17,1
52.0778,0.0105335,18,1
54.3299,-0.00908722,8,1
0.419312,-0.0286468,2,1
54.8682,0.0650178,3,1
55.147,0.112105,3,1
61.5294,0.0253147,9,1
64.8981,-0.00997958,14,1
38.7427,0.00666624,9,1
26.1469,-0.00700786,7,1
42.6077,0.000431329,12,1
32.6162,-0.0130485,14,1
35.2453,-0.006631,8,1
67.5442,0.00957153,7,1
46.0721,0.0221708,11,1
48.2403,0.0197644,3,1
51.0794,-0.00536285,10,1
45.1707,-0.021913,11,1
59.3541,0.02564,6,1
69.3833,0.0498819,15,1
46.248,-0.0113271,21,1
61.571,-0.0315088,10,1
36.6563,-0.00847657,14,1
50.8915,0.000851714,12,1
50.627,0.00718256,16,1
35.3255,-0.0188922,23,1
44.3045,-0.0406113,19,1
60.6154,0.0687966,9,1
55.7661,0.00267307,12,1
54.0297,-0.0331172,10,1
49.6834,0.006272,8,1
31.8713,-0.00610529,11,1
54.0743,0.00755124,7,1
52.5477,0.0170662,15,1
62.9251,0.00293198,2,1
43.9452,-0.0351132,18,1
52.6583,0.0057164,10,1
51.4319,0.0155472,13,1
52.3429,-0.0013132,11,1
54.0168,0.000887158,13,1
31.0324,-0.0093246,13,1
47.1646,0.0106415,11,1
56.2766,0.060092,3,1
46.4781,0.00718113,19,1
19.4775,-0.0176786,9,1
33.5999,-0.0125295,13,1
43.7664,-0.087724,5,1
45.6021,0.0637008,12,1
30.4271,0.0300813,11,1
37.425,0.0056214,10,1
60.0793,0.00325841,14,1
68.2992,0.0121574,18,1
76.7676,0.0197513,12,1
10.3192,0.038953,30,1
65.4676,0.0154528,26,1
79.4254,-0.0133444,31,1
46.9741,-0.0141986,21,1
62.1733,-0.0268069,5,1
62.1528,0.00380408,35,1
50.7194,0.0308067,18,1
61.0608,-0.00244305,12,1
83.1319,-0.00263127,13,1
47.5934,0.0066818,11,1
28.5846,-0.00417789,4,1
64.4237,0.129118,9,1
61.7298,0.0357301,13,1
46.5171,0.00151412,15,1
47.433,0.0317555,37,1
47.8376,0.01643,6,1
33.5345,-0.0167981,8,1
70.7189,-0.0182557,10,1
0.893982,-0.0301592,2,1
50.0814,0.0463485,5,1
74.0672,0.109024,9,1
57.8748,0.0223505,15,1
60.159,0.00603308,25,1
72.2834,0.0268775,22,1
75.5666,0.0210129,25,1
79.6389,-0.0174649,22,1
73.2872,0.0124128,17,1
26.7188,-0.0117917,7,1
1.52243,-0.0787163,3,1
47.0729,0.12969,7,1
66.351,0.0855812,7,1
72.1645,0.0519085,13,1
66.3986,0.0382002,19,1
60.8976,0.00327997,28,1
60.3389,-0.00817914,6,1
47.0281,-0.0141527,10,1
0.649933,-0.0404757,1,1
53.2264,0.0231786,4,1
55.2093,0.0385792,11,1
50.784,0.013697,3,1
65.0307,0.00647655,16,1
66.7869,0.0283238,11,1
64.3382,0.0265441,17,1
80.1014,0.0226688,5,1
45.4103,0.0111298,43,1
40.4091,-0.00120505,20,1
70.2621,-0.0129682,13,1
68.8194,0.00288523,27,1
68.2475,0.0255493,18,1
0.382782,0.00397219,20,1
60.7213,-0.0403139,9,1
66.0993,-0.0407491,6,1
25.8633,-0.0106931,9,1
47.6265,0.0801528,9,1
44.5168,0.0723703,11,1
85.2772,0.0516373,5,1
746.185,0.288059,10,1
749.234,0.202816,10,1
750.882,0.10624,14,1
706.415,0.0298926,13,1
775.27,0.000714479,2,1
775.94,0.0148275,10,1
740.281,0.0452496,4,1
749.242,0.0682375,29,1
756.501,-0.0504779,6,1
676.377,-0.0596704,41,1
698.909,-0.0634037,12,1
696.512,-0.0459095,5,1
708.073,-0.0391967,7,1
642.768,-0.0610303,6,1
715.115,0.151254,27,1
736.956,0.105895,6,1
736.166,0.0258834,11,1
767.153,0.053865,6,1
782.266,0.0540541,19,1
753.141,0.0207688,11,1
718.413,-0.000960639,5,1
690.687,-0.0588234,20,1
695.201,-0.0747225,10,1
643.344,-0.0762657,7,1
692.023,-0.102238,2,1
702.563,-0.00183225,19,1
641.801,-0.0331998,6,1
682.574,-0.0793913,2,1
743.615,0.120135,4,1
738.52,0.146507,11,1
790.711,0.079201,2,1
746.766,0.141325,14,1
742.371,0.0751976,7,1
770.859,0.0080741,23,1
737.118,0.00390288,12,1
730.63,-0.0190694,6,1
750.153,-0.0286721,15,1
706.662,-0.0359961,10,1
742.222,-0.0363952,1,1
719.315,-0.0636206,9,1
701.889,-0.0348622,18,1
695.185,0.045794,22,1
666.166,0.00650462,8,1
772.158,0.0146934,9,1
726.604,0.0475016,18,1
725.074,0.0513298,3,1
756.012,0.0376007,8,1
743.385,0.0200974,6,1
733.554,-0.0140595,17,1
737.944,-0.0400404,11,1
724.56,-0.0455007,10,1
715.649,-0.027896,10,1
745.828,-0.00922869,16,1
752.388,0.0147774,6,1
716.148,0.0289199,5,1
757.948,0.0079812,4,1
690.815,0.00219117,5,1
690.734,-0.0450704,4,1
692.344,-0.120442,10,1
708.322,-0.0768588,2,1
680.976,0.00628862,16,1
746.881,0.0120497,2,1
749.343,0.0594974,7,1
747.959,0.0931981,9,1
735.947,0.0399679,16,1
724.05,0.0264273,7,1
716.813,-0.022624,10,1
743.462,-0.0315832,8,1
724.348,0.00877065,17,1
750.107,0.00308898,6,1
745.053,-0.0184307,1,1
767.594,-0.0115318,9,1
787.25,0.0452076,14,1
801.078,0.0687994,11,1
766.593,0.0770875,7,1
768.889,0.0326657,4,1
672.909,-0.0544741,24,1
678.17,-0.114422,24,1
651.073,-0.149646,12,1
646.724,-0.157575,15,1
665.341,-0.0456759,8,1
701.937,0.0704772,9,1
704.337,0.0699789,2,1
703.734,-0.022774,5,1
709.467,0.0507533,5,1
735.365,0.0634559,10,1
810.953,0.0874854,1,1
778.917,0.133543,17,1
731.672,-0.0114869,13,1
675.384,-0.0919295,19,1
668.448,-0.188893,10,1
666.199,-0.104297,9,1
740.569,-0.0211966,5,1
705.085,0.0532988,9,1
746.314,0.0619574,16,1
763.85,0.0674543,1,1
756.386,0.0576694,9,1
716.503,-0.00795638,11,1
722.025,-0.0268975,6,1
724.882,-0.00699966,13,1
760.811,0.0168115,7,1
772.404,0.0467755,2,1
760.764,0.0595936,14,1
731.5,0.0118716,15,1
704.543,-0.0531867,15,1
665.064,-0.106225,1,1
743.469,-0.0708076,9,1
747.665,-0.00290048,11,1
726.512,0.0424065,13,1
667.4,-0.0219791,13,1
691.727,-0.0776415,17,1
683.14,-0.097324,11,1
651.198,-0.0624037,4,1
727.049,-0.0151093,4,1
886.325,0.0626411,1,1
2355.48,0.381248,2,1
2332.77,0.261768,15,1
2281.2,-0.089559,20,1
2276.49,-0.124737,17,1
2291.15,-0.0804755,7,1
2251.69,-0.0267361,7,1
2212.7,-0.119743,14,1
2222.01,-0.143477,6,1
2216.29,-0.0563881,12,1
2227.49,-0.0393806,2,1
2272.32,0.113484,8,1
2254.54,0.0707358,10,1
2268.82,0.0625005,9,1
2299.58,0.0467746,6,1
2328.99,0.130331,5,1
2302.67,0.151685,6,1
2241.32,-0.00658457,22,1
2218.83,-0.211793,9,1
2240.64,-0.158023,10,1
2243.34,0.00349143,8,1
2248.97,0.0604704,8,1
2175.38,-0.0572553,23,1
2182.31,-0.201193,13,1
2110.73,-0.102409,16,1
2128.15,-0.100116,7,1
2089.5,-0.0861741,6,1
2128.03,-0.0941086,15,1
2096.56,-0.0547187,4,1
2156.88,0.0162241,6,1
2143.07,0.103182,10,1
2116.38,-0.0912437,14,1
2105.83,-0.122541,4,1
2153.33,0.0056923,3,1
2183.86,0.134105,7,1
2171.8,0.125475,12,1
2227.08,0.078666,5,1
2228.59,0.0601137,13,1
2212.51,0.0375252,4,1
2205.73,0.0490299,9,1
2213.18,0.0522662,1,1
2276.62,0.0581816,1,1
2253.36,0.12597,13,1
2265.2,0.0456718,6,1
2271.39,0.0504552,9,1
2249.32,-0.0447673,15,1
2260.58,-0.0507284,4,1
2259.24,-0.0215035,13,1
2296.54,-0.000686017,6,1
2293.76,0.0341864,18,1
2283.81,0.0411652,11,1
2290.9,0.0131136,1,1
2260.16,0.0117814,8,1
2273.36,0.00084371,3,1
2197.6,-0.0833197,19,1
2216.39,-0.108437,10,1
2220.05,-0.0965928,7,1
2199.12,-0.0354657,13,1
2185.75,-0.0625798,16,1
2174.3,-0.0695864,3,1
2179.36,-0.0292179,10,1
2242.25,0.0137169,11,1
2220.29,0.0466539,6,1
2128.87,-0.033451,21,1
2160.86,-0.115775,4,1
2197.28,-0.0560896,4,1
2193.29,0.0269692,13,1
2242.09,0.0507356,3,1
2258.65,0.0688532,5,1
2255.01,0.0839501,8,1
2205.2,0.0558835,14,1
2208.59,-0.0338614,3,1
2162.31,-0.0849271,18,1
2157.06,-0.159384,11,1
2172.09,-0.0361372,11,1
2184.07,0.0431552,9,1
2193.02,0.0241587,9,1
2176.88,-0.0148005,8,1
2179.41,-0.0134212,8,1
2207.65,0.0270744,4,1
2203.88,0.0360931,13,1
2185.1,-0.014925,12,1
2198.79,-0.00600608,6,1
2221.47,-0.0278935,10,1
2154.52,0.00855416,17,1
2153.43,-0.000536751,4,1
2185.61,-0.0553567,5,1
2187.46,0.0364784,9,1
2193.6,-0.0206679,13,1
2119.64,-0.0843442,22,1
2157.5,-0.131667,4,1
2132.59,-0.00908076,12,1
2182.4,0.0559737,6,1
2145.68,0.000971948,13,1
2190.59,0.0495647,7,1
2167.65,0.0832765,8,1
2211.94,0.0337827,8,1
2180.29,0.0397457,9,1
2186.01,0.0290342,10,1
2226.99,0.0162162,4,1
2229.27,0.0987564,9,1
2244.36,0.0668133,10,1
2259.35,0.0774251,8,1
2277.96,0.0794022,2,1
2247.97,0.062281,18,1
2258.2,-0.0148011,9,1
2238.71,0.000125208,16,1
2223,-0.0513734,15,1
2172.46,-0.137524,14,1
2158.37,-0.124574,11,1
2132.62,-0.0569739,13,1
2138.07,-0.0337522,7,1
2140.78,-0.0184039,16,1
2120.99,-0.023889,8,1
2081,-0.0242963,21,1
2111.67,-0.0580738,4,1
2123.25,-0.056764,7,1
2097.93,0.0267175,13,1
2225.93,0.0650705,1,1
2196.29,0.122201,6,1
2228.56,0.128716,2,1
2209.38,0.110226,10,1
2212.53,-0.0071417,8,1
2219.9,0.0197555,11,1
2201.84,0.028115,15,1
2214.25,-0.0178914,3,1
2223.16,-0.00566324,17,1
2258.11,0.0782873,2,1
2247.71,0.0552813,8,1
2263.82,0.0329932,5,1
2150.09,-0.171299,28,1
2216.7,-0.0911368,3,1
2205.08,0.0603362,14,1
2268.96,0.0829844,13,1
2256.47,0.0902855,12,1
2267.85,0.0649081,5,1
2262.71,0.0419754,16,1
2287.99,0.0092407,3,1
2290.43,0.0129945,4,1
2312.79,0.0565186,10,1
2330.93,0.0756013,11,1
2334.84,0.0848534,6,1
2346.88,0.0586976,8,1
2328.64,-0.0341483,12,1
2324.54,-0.0489928,8,1
2276.08,0.0109911,26,1
2316.06,0.0221398,9,1
2360.73,0.0304032,10,1
2244.71,0.0235306,14,1
2235.31,-0.121436,9,1
2222.75,-0.132419,12,1
2210.24,-0.124021,5,1
2239.86,-0.104081,9,1
2258.1,-0.0395977,4,1
2184.24,-0.00546583,21,1
2171.02,-0.109272,12,1
2107.7,-0.131136,36,1
2080.98,-0.168793,2,1
2051.66,-0.237434,13,1
2056.7,-0.255015,4,1
2093.2,0.00732338,9,1
2073.59,0.0502938,10,1
2030.72,0.0278546,13,1
1981.84,-0.0457732,14,1
2018.76,-0.126301,6,1
2076.98,-0.080955,6,1
2109.59,0.0769859,6,1
2089.01,0.128136,1,1
2158.75,0.160513,3,1
2209.32,0.173459,10,1
2240.27,0.183907,5,1
2247.64,0.16531,8,1
2246.07,0.027985,9,1
2232.46,0.00947797,17,1
2260.27,0.0669062,7,1
2222.2,0.0406072,18,1
2194.18,-0.0662869,22,1
2195.4,-0.0867919,14,1
2168.6,-0.0957971,5,1
2144.7,-0.259688,6,1
2145.32,-0.100225,16,1
2106.36,-0.0357159,9,1
2133.68,-0.0452739,9,1
2085.11,-0.0963142,23,1
2096.48,-0.123094,7,1
2103.95,0.0255955,13,1
2090.77,-0.00373474,15,1
2033.09,-0.125563,24,1
2029.26,-0.120321,4,1
2035.75,-0.10506,3,1
2059.93,-0.0367552,1,1
2122.58,0.185857,10,1
2143.16,0.085275,8,1
2131.22,0.0607346,7,1
2195.79,0.0412027,13,1
2153.09,0.0402389,2,1
2248.23,0.0708858,7,1
2306.26,0.093841,1,1
2321.5,0.164531,1,1
2305.08,0.23381,4,1
2327.46,0.149406,12,1
2302.93,0.0130321,15,1
2297.9,0.00100411,13,1
2294.12,-0.0302459,14,1
2324.92,0.0425776,5,1
2338.62,0.116625,9,1
2312.15,0.0257771,15,1
2288.37,-0.0694434,15,1
2276.31,-0.120592,11,1
2196.89,-0.0717335,17,1
2236.56,-0.123837,12,1
2195.8,-0.108521,17,1
2199.65,-0.105391,11,1
2173.62,-0.0543111,18,1
2172.46,-0.137865,10,1
1393.26,-0.833378,142,1
1390.7,-1.5886,14,1
1380.12,-1.25824,2,1
1453.08,-0.607438,7,1
1455.11,-0.45055,5,1
1439.04,-0.123359,8,1
1492.2,-0.091894,6,1
1501.29,0.0626603,5,1
1516.7,0.144964,25,1
1476.73,0.0618654,24,1
1423.63,0.0229593,13,1
1433.06,-0.0305419,13,1
1450.11,-0.0148694,14,1
1450.24,0.0352116,15,1
1417.16,0.0343688,20,1
1468.84,0.0120436,2,1
1380.14,-0.0592731,8,1
1411.58,-0.0728207,2,1
1396.99,-0.0204825,33,1
1387.27,-0.000835985,2,1
1344.06,0.00215392,9,1
1291.96,-0.087391,4,1
1384.32,0.0321819,1,1
1432.28,0.182978,3,1
1458.15,0.217253,10,1
1416.52,0.0842342,23,1
1460.55,0.0232321,14,1
1441.19,0.0342208,1,1
1451.65,0.00665116,7,1
1411.69,-0.0644509,7,1
1392.91,-0.0919237,20,1
1412.35,-0.0271276,14,1
1417.96,0.0318457,25,1
1388.33,0.033981,17,1
1387.19,0.000914492,2,1
696.567,-0.398256,111,1
725.743,-0.764634,5,1
734.456,-0.960009,11,1
685.427,-0.553188,26,1
690.706,-0.31936,25,1
673.896,-0.253149,3,1
700.807,-0.169162,14,1
744.632,-0.101064,18,1
757.431,-0.00435898,7,1
756.926,0.0925046,16,1
728.01,0.0774313,19,1
667.389,0.0280163,12,1
672.813,-0.0694093,25,1
699.546,-0.0853074,1,1
750.709,-0.0268339,15,1
733.964,0.0743794,6,1
697.598,0.0563353,18,1
663.808,-0.0581221,28,1
632.726,-0.130765,6,1
636.111,-0.144695,16,1
705.302,0.00590411,19,1
631.06,0.0452454,5,1
648.081,0.033534,22,1
600.634,0.0214944,4,1
698.625,-0.0126762,17,1
646.709,-0.000889875,6,1
693.972,-0.00461822,14,1
657.577,-0.0241379,1,1
582.52,-0.0249307,13,1
524.545,-0.114889,5,1
564.108,-0.152894,3,1
566.116,-0.115999,3,1
690.14,0.0922357,6,1
651.672,0.165922,7,1
673.27,0.126981,3,1
727.544,0.0858982,4,1
719.423,0.0988947,9,1
684.749,0.00113194,14,1
657.046,-0.147957,14,1
647.296,-0.129745,11,1
656.792,-0.0294712,9,1
707.706,0.0205482,1,1
702.678,0.0663578,11,1
730.964,0.0818102,5,1
729.072,0.08754,10,1
767.075,0.0780038,5,1
766.071,0.0955493,7,1
744.037,0.102511,9,1
755.402,0.0532467,6,1
753.358,-0.0193615,8,1
719.251,-0.0234411,16,1
721.237,-0.0502433,4,1
757.681,-0.0415029,9,1
726.882,-0.000809978,16,1
720.695,0.0109348,18,1
812.876,0.0180423,2,1
793.35,0.046809,7,1
771.919,0.0444777,17,1
724.762,0.00127804,13,1
717.617,-0.102744,8,1
738.667,-0.103296,12,1
732.338,-0.0272131,9,1
746.978,0.0109406,11,1
749.353,0.0444635,5,1
707.59,0.04478,8,1
717.917,-0.0059755,11,1
695.697,-0.0539871,12,1
698.248,-0.0583952,6,1
697.366,-0.0465295,11,1
894.552,0.184759,7,1
997.806,0.303385,7,1
1070.94,0.323388,9,1
1145.27,0.315805,10,1
1130.02,0.315179,10,1
1136.18,0.315179,2,1
1148.02,0.247924,17,1
1223.83,0.194445,10,1
1203.94,0.166725,4,1
1214.97,0.17585,22,1
1224.3,0.110673,10,1
1246.2,0.0758883,19,1
1315.06,0.105442,3,1
1289.37,0.139587,25,1
1238.95,0.0821454,38,1
1222.72,0.00151354,1,1
1303.47,-0.030082,12,1
1275.31,0.0130133,21,1
1295.47,0.0309953,12,1
1295.88,0.0505565,22,1
1268.52,0.0608009,5,1
1341.96,0.0579245,6,1
1163.96,-0.00938994,61,1
1096.91,-0.170212,18,1
1087.58,-0.332636,20,1
1061.68,-0.274247,19,1
964.16,-0.219944,51,1
1043.01,-0.195078,5,1
1087.34,-0.100324,23,1
1061.65,0.0199094,10,1
1098.09,0.0715703,18,1
1153.58,0.0802644,5,1
1167.03,0.0945774,3,1
1273.25,0.119154,9,1
1294.99,0.196499,6,1
1311.87,0.239842,23,1
1243.26,0.240947,11,1
1210.49,0.125353,22,1
1161.78,-0.139223,37,1
1175.51,-0.155738,23,1
1180.6,-0.0660688,14,1
1202.21,-0.0402195,6,1
1231.62,0.0194683,9,1
1272.5,0.0563566,10,1
1339.86,0.0899887,13,1
1323.59,0.127979,19,1
1355.14,0.160684,15,1
1290.43,0.113439,20,1
1265.75,-0.0210041,18,1
1255.46,-0.0973263,10,1
1271.9,-0.0799402,4,1
1223.07,-0.0413249,22,1
1154.83,-0.0676665,33,1
1162.1,-0.15834,13,1
1196.96,-0.16264,8,1
1243.98,-0.0905888,8,1
1168.48,-0.00853379,10,1
1260.17,0.0285578,4,1
1310.32,0.0599158,18,1
1423.37,0.116719,3,1
1353.91,0.191841,15,1
1429.45,0.197681,6,1
1335.73,0.175119,24,1
1376.55,0.0920213,15,1
1441.79,0.0652378,1,1
1413.13,0.0383425,9,1
1374.15,0.0500306,18,1
1377.32,0.0258995,17,1
1419.04,-0.00297594,19,1
1495.04,0.0394962,20,1
1505.01,0.0928079,18,1
1331.37,0.0762624,28,1
1295.79,-0.209077,30,1
1309.56,-0.254147,30,1
1250.94,-0.155276,22,1
1250.66,-0.119959,21,1
1228.56,-0.129687,13,1
1260.79,-0.149852,15,1
1337.3,-0.101564,13,1
1389.34,-0.00966536,4,1
1392.08,0.0797787,26,1
1340.41,0.157894,26,1
1378,0.118306,10,1
1342.97,0.0349375,20,1
1407.61,0.00768543,23,1
1363.12,0.00979774,10,1
1392.94,0.0283981,7,1
1384.55,0.0349158,12,1
1422.27,0.0353609,20,1
1442.14,0.0526827,24,1
1451.18,0.0748047,9,1
1484.65,0.0811035,15,1
1471.58,0.0901057,11,1
1477.84,0.0751755,34,1
1473.13,0.0882446,34,1
1433.72,0.0159502,29,1
1438.47,-0.0779435,27,1
1411.01,-0.0832012,10,1
1391.19,-0.0922667,12,1
1388.2,-0.0639245,24,1
1325.91,-0.0584327,5,1
1295.13,-0.12033,30,1
1259.76,-0.154837,17,1
1324.92,-0.1913,3,1
1308.98,-0.101513,29,1
1198.9,-0.0595928,18,1
1126.09,-0.126297,3,1
1152.97,-0.32804,50,1
1163.23,-0.267492,21,1
1224.13,-0.122781,16,1
1101.46,0.00537127,16,1
1273.92,-0.000541886,10,1
1368.04,0.0108631,10,1
1445.28,0.0438552,3,1
1415.84,0.152287,16,1
1432.63,0.185167,11,1
1431.49,0.246293,30,1
1459.23,0.24029,12,1
1506.33,0.170047,14,1
1479.96,0.132385,5,1
1450.4,0.116683,6,1
1444.37,0.0443254,31,1
1475.07,-0.0384527,14,1
1458.83,-0.0447346,3,1
1395.32,-0.0186498,30,1
1330.8,-0.0777734,34,1
1372.96,-0.13636,12,1
1397.48,-0.133301,1,1
1395.69,-0.0708026,29,1
1372.61,-0.00369651,26,1
1363.48,0.0155403,2,1
1374.43,0.00634502,13,1
1345.22,-0.0138632,35,1
1383.47,0.0216391,20,1
1385.51,0.0332223,2,1
1321.2,0.0096868,7,1
1254.31,-0.035414,5,1
1349.59,-0.0651019,10,1
1353.27,-0.0469104,16,1
1359.48,-0.0297483,12,1
1382.39,0.0091698,22,1
1412.88,0.0557415,18,1
1438.41,0.0652787,20,1
1506.48,0.0906653,3,1
1513.47,0.112627,25,1
1487.61,0.12361,21,1
1478.93,0.101111,10,1
1515.37,0.0667656,8,1
1469.27,0.042769,15,1
1444.15,0.011483,22,1
1322.4,-0.0725274,15,1
1206.98,-0.305667,33,1
1179.28,-0.499987,53,1
1040.46,-0.354779,30,1
868.52,-0.549834,70,1
972.868,-0.498924,6,1
914.518,-0.278962,24,1
950.517,-0.143223,23,1
994.109,-0.0814359,16,1
1098.9,0.00569106,2,1
1287.02,0.0837273,2,1
1249.22,0.246341,3,1
1377.1,0.295674,23,1
1433.75,0.377556,10,1
1419.42,0.350932,19,1
1469.45,0.293396,18,1
1450.97,0.19819,25,1
1445.77,0.146529,21,1
1439.48,0.0406339,28,1
1361.84,-0.0548155,24,1
1344.67,-0.0938595,3,1
1198.35,-0.195201,45,1
1238.46,-0.24058,19,1
1212.8,-0.246388,25,1
1178.56,-0.168488,13,1
1284.75,-0.113805,5,1
1257.36,-0.0244085,2,1
1265.66,0.0285083,29,1
1205.65,0.0339341,40,1
1168.57,-0.13413,14,1
1136.75,-0.165083,11,1
1143.74,-0.134382,9,1
1185.61,-0.0638703,19,1
1239.61,-0.00840223,17,1
1274.85,0.0510005,19,1
1388.07,0.120426,3,1
1431.76,0.177814,7,1
1287.93,0.252479,44,1
1323.02,0.182748,5,1
1307.6,-0.0158373,12,1
1323.94,-0.0610251,24,1
1307.07,-0.0404415,23,1
1296.72,-0.0204153,18,1
1336.38,-0.0310175,19,1
1384.59,0.0026076,7,1
1380.3,0.0627211,25,1
1389.53,0.110498,16,1
1439.39,0.115888,11,1
1438.29,0.109525,37,1
1450.42,0.110224,4,1
1404.94,0.0822672,20,1
1367.65,-0.076921,24,1
1284.29,-0.109869,31,1
1252.55,-0.16672,33,1
1246.52,-0.185302,1,1
1195.09,-0.229913,40,1
1255.31,-0.224427,17,1
1249.04,-0.105283,13,1
1250.77,-0.000182019,15,1
1320.8,0.0358419,22,1
1318.83,0.0632907,1,1
1389.05,0.0777102,5,1
1419.48,0.0863341,8,1
1463.52,0.119609,18,1
1467.15,0.15492,32,1
1450.95,0.164596,15,1
1432.94,0.169168,1,1
1389.01,0.135544,5,1
1418.09,0.0445745,10,1
1381.19,-0.0293176,17,1
1387.64,-0.0668303,38,1
1320.12,-0.0748428,26,1
1375.36,-0.0496135,8,1
1445.72,-0.0185965,14,1
1445.61,0.0455598,18,1
1345.52,0.0507866,34,1
1314.48,-0.0389353,35,1
1331.44,-0.0718694,12,1
1267.05,-0.0830121,26,1
1274.6,-0.12185,7,1
1260.67,-0.13823,3,1
1186.65,-0.147928,26,1
1296.54,-0.121014,16,1
1282.9,-0.0590761,32,1
1283.48,-0.0189813,7,1
1290.13,0.0265523,23,1
1358.89,0.0369095,10,1
1266.26,0.0621774,12,1
1407.2,0.0612172,8,1
1369.2,0.0729393,2,1
1426.13,0.0852697,16,1
1398.51,0.128722,32,1
1390.09,0.0717026,19,1
1418.67,0.0399764,5,1
1455.22,0.0337009,22,1
1404.19,0.0376809,28,1
1364.53,-0.0231338,29,1
1358,-0.049913,2,1
1340.27,-0.132751,31,1
1353.4,-0.113637,17,1
1373.82,-0.00792573,17,1
1346.69,0.0264754,22,1
1273.01,-0.0729737,31,1
1242.05,-0.142753,20,1
1229.94,-0.14464,16,1
1294.69,-0.0942395,21,1
1226.1,-0.0434939,14,1
1200.46,-0.0459432,18,1
1215.29,-0.0671393,6,1
1212.72,-0.070286,4,1
1338.04,-0.0599666,4,1
1314.9,0.0202952,30,1
1256.7,0.0579095,29,1
1309.36,0.0662458,10,1
1348.25,0.0755742,31,1
1280.89,0.0704455,11,1
1361.85,0.0462685,16,1
1323.05,0.0267506,15,1
1341.12,0.02537,9,1
1417.17,0.0404311,26,1
1446.28,0.0967807,13,1
1444.91,0.137163,26,1
1444.02,0.105396,25,1
1505.24,0.0658355,5,1
1487.07,0.0657448,19,1
1434.93,0.0474338,30,1
1400.04,-0.0199021,31,1
1322.02,-0.0842507,31,1
1258.85,-0.182116,40,1
1276.6,-0.219442,2,1
81.6522,-0.333231,193,1
96.8781,-1.15264,35,1
113.628,-1.84814,15,1
121.776,-1.96413,29,1
118.725,-0.941423,21,1
110.58,-0.512197,26,1
123.418,-0.229971,21,1
105.976,-0.14434,23,1
139.71,-0.0882345,26,1
158.583,-0.0578719,6,1
99.3864,-0.0217892,19,1
104.858,-0.012236,45,1
113.378,-0.0269874,19,1
129.43,-0.0029009,27,1
119.321,-0.0202922,29,1
74.1043,-0.0336211,13,1
126.573,-0.0432317,16,1
151.283,-0.00822326,27,1
106.624,0.0253552,24,1
129.268,0.0312732,24,1
112.938,-0.00397962,27,1
123.388,-0.0287544,10,1
134.519,-0.0152735,36,1
98.4241,0.0156834,26,1
134.244,-0.0211421,15,1
144.083,-0.0157297,31,1
100.502,0.0231028,18,1
79.196,0.0124065,20,1
121.742,0.0226948,28,1
126.363,0.0361074,7,1
144.528,0.019464,20,1
88.6268,-0.0129515,35,1
130.788,-0.0241704,18,1
139.007,0.00384253,17,1
114.051,0.0456569,28,1
94.3067,-0.011432,29,1
97.7008,-0.0393778,13,1
101.643,-0.0461439,33,1
71.5512,-0.0179459,14,1
101.912,-0.000812448,28,1
110.28,0.00706619,19,1
130.985,-0.00588337,32,1
128.637,-0.0128881,23,1
121.093,0.0122298,15,1
108.982,-0.0114495,28,1
108.454,-0.0161023,21,1
155.328,0.0194244,19,1
139.311,0.0427847,3,1
124.764,0.0361639,26,1
120.365,-0.00430098,26,1
127.571,-0.00380838,28,1
148.35,0.00236974,8,1
111.41,0.013337,46,1
100.029,-0.00510419,13,1
102.274,-0.0491785,30,1
136.642,-0.0329047,24,1
100.034,0.0129657,25,1
101.135,0.0127903,21,1
157.008,-0.000118404,17,1
125.947,0.0169824,22,1
108.436,0.0250487,27,1
138.315,-0.0174512,36,1
147.589,-0.0174462,19,1
105.504,0.00938386,38,1
102.69,-0.0142626,15,1
128.255,-0.0224663,22,1
129.675,0.0241153,41,1
92.5093,0.0146181,17,1
104.716,0.00927426,7,1
118.519,0.0105676,17,1
125.416,0.00623776,27,1
57.8539,0.00105112,29,1
126.185,-0.0138105,13,1
75.0115,-0.00362839,23,1
125.958,-0.00381449,12,1
125.652,0.00422187,22,1
109.011,0.0143622,24,1
129.116,-0.00365276,23,1
134.17,-0.0115896,18,1
107.793,0.00483104,24,1
62.2492,-0.0118212,32,1
148.723,-0.0361741,15,1
119.444,-0.00568539,12,1
131.857,0.0300997,33,1
160.952,0.037145,18,1
138.857,0.0259687,15,1
122.313,-0.0147966,39,1
116.938,-0.0186758,25,1
145.713,-0.014678,17,1
126.991,-0.0140884,20,1
129.072,-0.0107189,29,1
75.9259,-0.00428949,36,1
127.849,-0.0225738,18,1
93.5429,0.000696996,33,1
121.207,0.0426558,23,1
143.367,0.0335632,15,1
134.39,0.027654,27,1
149.785,-0.00839536,27,1
124.232,-0.00979601,25,1
118.393,-0.00583703,19,1
137.853,0.00126256,25,1
87.382,-0.0152534,27,1
134.128,-0.0485748,26,1
116.232,-0.0160488,27,1
137.002,0.00662794,3,1
149.815,0.0111068,32,1
140.497,0.0126277,27,1
136.729,0.028609,26,1
144.907,0.0374823,2,1
144.373,0.0430014,22,1
89.6062,-0.000976741,36,1
130.742,-0.0305597,14,1
142.292,-0.0242181,11,1
100.978,-0.00633446,33,1
148.224,-0.0530465,13,1
146.986,-0.00461205,22,1
80.4018,0.0203281,26,1
141.506,0.00157782,7,1
104.236,-0.0221742,25,1
91.6207,-0.0258614,16,1
109.021,-0.00257325,17,1
129.373,0.00907571,23,1
147.905,0.0210144,37,1
94.9805,0.0124031,12,1
91.564,0.000842493,26,1
106.325,0.00141558,11,1
77.5533,-0.00194095,19,1
152.183,-0.0110011,6,1
129.609,0.00492578,23,1
133.986,0.0100323,9,1
147.615,0.0209867,19,1
123.367,0.00167116,31,1
161.285,0.00324006,9,1
94.8855,0.0134634,30,1
110.455,0.00516319,10,1
